,链接,名称,时间,发表,分享,讨论,点赞
0,//weibo.com/1645159660?refer_flag=1001030103_,,03月11日 14:18,婚恋意愿持续走低的原因，我大概猜到一二了，爱情是盲目的，婚姻也是盲目的，但现在的年轻人太清醒了，你很难让他们再次盲目。” ​,18,13,189
1,//weibo.com/2318910945?refer_flag=1001030103_,,2023年10月25日 09:20,【#日本Z世代不愿意结婚了#】#日本未婚青年每3人就有1人不想谈恋爱#调查发现，日本年轻人的婚恋意愿呈下降趋势，越来越多的Z世代青年崇尚“不恋爱、不结婚”的婚恋观。2023年8月，日本国立社会保障与人口问题研究所公布了《现代日本的结婚与生育》报告书，在18—34岁未婚青年中，近七成受访青年没有交 ​展开c,56,202,2160
2,//weibo.com/2269443552?refer_flag=1001030103_,,2023年11月14日 18:52,其实我也很好奇一个事情这几年结婚人数相比早年间是明显下来了，不论男女其实婚恋意愿都不太高但是经常能够在网络上看到一些XXN在那边各种嫌弃年入百万的养不起家，彩礼低于30万=把自己卖便宜了balabalabala林林总总的这些人到底都是什么鬼东西。。。。。。。 ​,29,57,532
3,//weibo.com/7524419514?refer_flag=1001030103_,,01月24日 11:07,不能把彩礼和强奸混淆。强奸是刑事案件，舆论压力也很难反转，也很难抹掉犯罪的事实。法律写得很清楚，违背妇女意愿，强行发生关系，那就涉嫌强奸。很多人主要的点就放在彩礼上，即使说女方家不退彩礼，那可以通过法院起诉拿回来也是可以的。除非女方这边涉及婚恋诈骗，那有可能不仅是退钱，还可能 ​展开c,3,46,186
4,//weibo.com/3644068045?refer_flag=1001030103_,,02月20日 00:31,还有青藤之恋和积目，下了两次划了划就删掉了，中文交友软件都很土，页面也丑，功能也做得乱七八糟，用户体验非常差。不过我朋友在积目上找到了男朋友，谈了两年了。可能还是不同人适合玩不同类型软件，因为这上面很多男性用户婚恋意愿比较强。Tinder和Bumble一棒子下去砸死三个回避依恋，三个擅长ghos ​展开c,2,13,20
5,//weibo.com/3986307523?refer_flag=1001030103_,,2022年11月05日 14:45,有婚恋意愿的大龄男女之所以会剩下来，并不是因为他们没有遇到合适的人，而是因为他们对自己的定位出现了问题。他们内心往往都对自己的另一半有一个设定，而这个设定是他们根本就配不上的人。那些总是遇人不淑的人，其实和剩男剩女一样，都是一直在寻求自己匹配不了的那种人。 ​,12,29,173
6,//weibo.com/6452231600?refer_flag=1001030103_,,2022年09月05日 09:53,【#当代大学生的婚恋观#：#大学生未来结婚意愿高于预期#】今年以来，一些青年研究机构、高校、媒体针对中国大学生婚育观进行了相关调查。结果显示，近六成大学生希望在26-30岁时走入婚姻殿堂，但婚育的价值基础已经发生变化，更看重婚姻的精神情感支持功能。中国人民大学人口与发展研究中心教授李婷在 ​展开c,5,评论,302
7,//weibo.com/5585819031?refer_flag=1001030103_,,2022年06月06日 10:31,#梦华录空镜 鱼水之欢#嗯，我觉得吧，多拍点这，有利于提高年轻人的婚恋意愿，对促进生育率有积极作用。嗯，是这样的。 ​,3,14,198
8,//weibo.com/1645159660?refer_flag=1001030103_,,03月11日 14:18,婚恋意愿持续走低的原因，我大概猜到一二了，爱情是盲目的，婚姻也是盲目的，但现在的年轻人太清醒了，你很难让他们再次盲目。” ​,18,13,189
9,//weibo.com/2318910945?refer_flag=1001030103_,,2023年10月25日 09:20,【#日本Z世代不愿意结婚了#】#日本未婚青年每3人就有1人不想谈恋爱#调查发现，日本年轻人的婚恋意愿呈下降趋势，越来越多的Z世代青年崇尚“不恋爱、不结婚”的婚恋观。2023年8月，日本国立社会保障与人口问题研究所公布了《现代日本的结婚与生育》报告书，在18—34岁未婚青年中，近七成受访青年没有交 ​展开c,56,202,2160
10,//weibo.com/2269443552?refer_flag=1001030103_,,2023年11月14日 18:52,其实我也很好奇一个事情这几年结婚人数相比早年间是明显下来了，不论男女其实婚恋意愿都不太高但是经常能够在网络上看到一些XXN在那边各种嫌弃年入百万的养不起家，彩礼低于30万=把自己卖便宜了balabalabala林林总总的这些人到底都是什么鬼东西。。。。。。。 ​,29,57,532
11,//weibo.com/7524419514?refer_flag=1001030103_,,01月24日 11:07,不能把彩礼和强奸混淆。强奸是刑事案件，舆论压力也很难反转，也很难抹掉犯罪的事实。法律写得很清楚，违背妇女意愿，强行发生关系，那就涉嫌强奸。很多人主要的点就放在彩礼上，即使说女方家不退彩礼，那可以通过法院起诉拿回来也是可以的。除非女方这边涉及婚恋诈骗，那有可能不仅是退钱，还可能 ​展开c,3,46,186
12,//weibo.com/3644068045?refer_flag=1001030103_,,02月20日 00:31,还有青藤之恋和积目，下了两次划了划就删掉了，中文交友软件都很土，页面也丑，功能也做得乱七八糟，用户体验非常差。不过我朋友在积目上找到了男朋友，谈了两年了。可能还是不同人适合玩不同类型软件，因为这上面很多男性用户婚恋意愿比较强。Tinder和Bumble一棒子下去砸死三个回避依恋，三个擅长ghos ​展开c,2,13,20
13,//weibo.com/3986307523?refer_flag=1001030103_,,2022年11月05日 14:45,有婚恋意愿的大龄男女之所以会剩下来，并不是因为他们没有遇到合适的人，而是因为他们对自己的定位出现了问题。他们内心往往都对自己的另一半有一个设定，而这个设定是他们根本就配不上的人。那些总是遇人不淑的人，其实和剩男剩女一样，都是一直在寻求自己匹配不了的那种人。 ​,12,29,173
14,//weibo.com/6452231600?refer_flag=1001030103_,,2022年09月05日 09:53,【#当代大学生的婚恋观#：#大学生未来结婚意愿高于预期#】今年以来，一些青年研究机构、高校、媒体针对中国大学生婚育观进行了相关调查。结果显示，近六成大学生希望在26-30岁时走入婚姻殿堂，但婚育的价值基础已经发生变化，更看重婚姻的精神情感支持功能。中国人民大学人口与发展研究中心教授李婷在 ​展开c,5,评论,302
15,//weibo.com/5585819031?refer_flag=1001030103_,,2022年06月06日 10:31,#梦华录空镜 鱼水之欢#嗯，我觉得吧，多拍点这，有利于提高年轻人的婚恋意愿，对促进生育率有积极作用。嗯，是这样的。 ​,3,14,198
16,//weibo.com/1853811981?refer_flag=1001030103_,,2023年02月17日 07:16,#近三成农村青年无生育意愿##农村婚恋现状不容乐观#据调查：农村已婚、离婚青年中，育有一孩比例为62.5%，二孩23.21%，三孩0.89%，超三成农村青年无生育意愿。 农村婚恋现状不容乐观啊。 ​,转发,35,45
17,//weibo.com/1402977920?refer_flag=1001030103_,,2021年10月08日 10:48,#未婚城市青年婚恋意愿调查#【#为何有不少青年恐婚不婚#】共青团中央一课题组调研发现，作为未来10年结婚的主力军，“Z世代”（指1995—2009年间出生的一代人）青年结婚意愿呈现下降趋势。调研中，对“你将来会谈恋爱吗”的问题，12.8%的青年选择“不谈恋爱”，26.3%的受访者表示不确定。对于“你将来 ​展开c,608,1419,28466
18,//weibo.com/5637065453?refer_flag=1001030103_,,2021年10月08日 15:17,#未婚城市青年婚恋意愿调查#【#有必要建立青年婚恋教育体系吗#】共青团中央一课题组调研发现，34%的青年受访者不再认为结婚是一件理所当然的事。女性表示“不结婚”和“不确定会不会结婚”的人数占43.92%，比男性多出19.29%。如何让年轻人“能恋”“想婚”“敢婚”？课题组提出以下建议：①提升 ​展开c,244,254,8753
19,//weibo.com/5044281310?refer_flag=1001030103_,,2021年10月08日 08:51,【#青年婚恋意愿调查#：#面对婚姻年轻人在忧虑什么#？】“Z世代”(指1995-2009年间出生的一代人)青年是未来10年结婚的主力军。鉴于此，共青团中央中国特色社会主义理论体系研究中心课题组针对2905名18～26岁的未婚城市青年，通过问卷调查、深度访谈等方式，围绕他们如何看待恋爱与婚姻，婚恋意愿的背后 ​展开c,100,234,1288
20,//weibo.com/2011075080?refer_flag=1001030103_,,2021年10月08日 20:30,#未婚城市青年婚恋意愿调查#共青团中央一课题组调研发现，作为未来10年结婚的主力军，“Z世代”（指1995—2009年间出生的一代人）青年结婚意愿呈现下降趋势。阻止你婚恋的最大因素可能是______#女性的结婚意愿明显低于男性##未婚城市青年婚恋意愿调查# 阻止你婚恋的最大因素可能是______​,1,1,121
21,//weibo.com/1784473157?refer_flag=1001030103_,,2021年10月08日 15:19,【调研：#女性恐婚者比男性更多#】近日，共青团中央一课题组调研发现，作为未来10年结婚的主力军，“Z世代”（指1995—2009年间出生的一代人）青年结婚意愿呈现下降趋势。调研分析发现，#女性的结婚意愿明显低于男性#。那么，低婚恋意愿青年在想什么呢？他们的观点大致可分为四类：①被现实障碍所困的 ​展开c,19547,56665,1533575
22,//weibo.com/7500551504?refer_flag=1001030103_,,03月19日 12:19,光与夜之恋超话请各位宝宝帮帮大学生毕业论文吧～🙏🏻一个有关光夜的小问卷，主要是有关乙女游戏对婚恋意愿的影响机制，对策分析会针对社会机制与婚恋市场的男性质量，不涉及游戏和玩家。请各位萧小五、兔子小姐、笨鸟、未婚妻、大小姐帮忙🙏🏻祝大家一发入魂，回回抽到自推在评论区随 ​展开c,转发,6,4
23,//weibo.com/5386924056?refer_flag=1001030103_,,03月16日 06:19 转赞人数超过20,这些婚恋公司主要坑骗的是28岁以上女性的钱。男性有点钱的根本不会缺人介绍，几乎进入相亲市场就会被预定。没钱的也不可能去掏几万块给婚恋公司。所以婚恋公司的培训环节，口号都是“姐，你相信我”，目标明确就是大龄女性。只有她们有能力也有意愿会掏这笔钱。有时候看微博评论下年龄不大的女 ​展开c,转发,8,36
24,//weibo.com/5214070280?refer_flag=1001030103_,,03月14日 08:19,结婚前只恋爱过不到三个月大家都非常愿意和支持并难以反驳的人，互相意愿不大，以婚恋为目的，其实当时互相帮助扶持偶尔一起吃饭做饭也美好，只是太遥远的事不太能想起来了，短暂后就一直在不同的城市了，多少年前交通是极为不便利的，通讯也是非常不便捷，完全无来往，没找过什么说的奇怪的事，有很多 ​展开c,转发,评论,赞
25,//weibo.com/3616621762?refer_flag=1001030103_,,03月12日 12:48,是啊，想谈想结婚早谈早结了，就是自己个人意愿觉得对方这地方还不满意那地方还不满意，又不愿降低要求，一降低要求婚恋质量就下降了，更没心思去做所谓的经营感情的事了，就是一堆对对方的埋怨。,10,评论,49
26,//weibo.com/1895451355?refer_flag=1001030103_,,03月11日 15:37,中午同事跟我说她朋友的婚恋，我不得不说，人生路上的大部分事情都是事与愿违的，起码一定程度上的违背意愿，KPI还有可能超预期完成，但是人生愿望往往很难。所以希望大家要么调整预期，要么修炼内功，不建议什么都要却什么都要不起。 ​,转发,1,1
27,//weibo.com/1925878362?refer_flag=1001030103_,,03月11日 15:24,#代表委员开麦啦#【问政中国丨胡湛：婚恋观、教育成本等影响生育意愿】应对人口老龄化，一个很重要的方面就是鼓励生育。对于年轻人生育意愿不高这个热议话题，胡湛认为，综合因素影响着当前年轻人的生育意愿。在胡湛看来，随着社会经济以及生活方式的改变，人们的婚恋观念也发生很大变迁，很多人不再将 ​展开c,转发,评论,赞
28,//weibo.com/5888410717?refer_flag=1001030103_,,03月11日 14:17,#小北关注两会#【两会回访｜王芳委员：维护妇女儿童权益，妇联组织责无旁贷】 农村妇女的合法权益如何保障？如何能提升女性的生育意愿？年轻人应该有怎样的婚恋观、生育观、家庭观？这些颇能引发网友共鸣、并频频登上热搜的妇女儿童权益相关话题，也是全国政协委员、内蒙古自治区妇联主席王芳十分关注 ​展开c,转发,评论,赞
29,//weibo.com/6648591792?refer_flag=1001030103_,,03月10日 14:31 转赞人数超过20,女性肯定也有婚恋生育的自身需求。女性也会想要有自己的孩子，这个时候找个靠谱的老公靠谱的孩子爸爸共同育儿是最优解。无论男性或者女性，单独育儿都是十倍困难与夫妻合作育儿的。男女双方出于相爱和想要生育子女的共同意愿进入婚姻，一起育儿，共担生活风雨，当然是生活的最优解。但是，人也 ​展开c,2,3,44
30,//weibo.com/2331788385?refer_flag=1001030103_,,03月08日 12:45 转赞人数超过10,#为啥体制内女性找对象越来越难#很奇怪的话题，而且偏偏在今天上rs，咋地？看女人过个节就破防了？婚恋自由这几个字不认识是吗？女人从小到大一直努力，拼命地学习、上进，为的就是不受约束，能够按自己的意愿生活。与其怪女人眼光高，不如好好反思一下为什么优秀的男人那么少。女人在努力学习的时候， ​展开c,1,8,21
31,//weibo.com/1894826124?refer_flag=1001030103_,,03月06日 16:52,新书《万妈妈的绿皮火车》出版了！内容简介：上世纪八九十年代，红旗厂小学的万校长因心高气傲而被街坊们称为“精神万元户”，然而她的三个孩子却都天性散漫。在高考、就业和婚恋等人生命题上，强势的万妈妈与儿女们意愿对立，上演了一幕幕令人啼笑的家庭冲突……作品描绘了一幅极具时代气息的厂矿 ​展开c,2,3,3
32,//weibo.com/5485352681?refer_flag=1001030103_,,03月04日 16:30,我感觉我已经很久没有参加婚宴和百日宴了，结婚和生子的意愿是真的肉眼可见的下降啊。不过，这个月竟然接到2封请柬，婚恋亲子市场又要回暖了吗？另，在潮汕走一遭，就会发现人均牵一个抱一个怀一个，一点没有人口率下降的颓势，本也没啥，但经历了萧条的两年，看起来倒也喜庆得很。 ​,转发,评论,赞
33,//weibo.com/1371163915?refer_flag=1001030103_,,03月04日 12:02,#媒人促成大龄男青年结婚村委会奖1000#靳小怡认为，要想缓解农村大龄男青年婚恋难的问题，“需要营造性别平等的社会环境，减少女性就业的性别歧视，切实提高女性婚育意愿。还应加强对大龄未婚男性的职业培训，并做好对大龄未婚男性及其父母的经济扶助和养老保障。另外，要加强观念引导，将婚恋教育纳入 ​展开c,转发,3,2
34,//weibo.com/1285111877?refer_flag=1001030103_,,03月02日 17:20,在现今社会，随着女性地位和独立性的提高，“剩女”一词已不再带有贬义，而是越来越多地用来描述那些选择单身或等待合适伴侣的女性。但当这样一个群体面临一个四十多岁、无房无车无存款，并且对自己也无太多付出意愿的男性时，她们该如何选择？这不仅仅是个人情感问题，更是对当代婚恋观的一次深刻探讨 ​展开c,17,18,19
35,//weibo.com/6070571603?refer_flag=1001030103_,,03月01日 19:17,#29岁女性和34岁男性脱单意愿更强#刚在青藤之恋和武大发布的婚恋压力报告里面看到说34岁的男人和29岁的女人是易碎品，其实感觉并不是说“易碎”，而是在这个年龄阶段会承受更大的压力，又要搞事业又要担忧终身大事，脱单意愿也会达到顶峰。被青藤之恋寄语给鼓励到，“爱情没有社会时钟，三十岁不 ​展开c,转发,评论,1
36,//weibo.com/6793353890?refer_flag=1001030103_,,03月01日 13:44 转赞人数超过20,#青藤之恋##29岁女性和34岁男性脱单意愿更强#初婚年龄延迟，单身人口增多，是什么打击了年轻人的婚恋信心？最近青藤之恋App与武汉大学数据新闻研究中心联合发布《2023年轻人婚恋压力报告》。显示，年轻群体在面对婚恋压力时，首要面临着来自于自身的年龄焦虑。女性的29岁和男性的34岁是脱单意愿最强 ​展开c,2,21,88
37,//weibo.com/1033834005?refer_flag=1001030103_,,02月29日 13:21,"人最初恋爱结婚时，还容易喜欢条件好的、优秀的、活的精彩的人，可这样的人有鲜明的或独立的个性，不会接受自己处在听说的位置。有人经过一两次婚恋，终于发现自己的头号需求就是找一个各方面不如自己、或者没脾气好控制的,容易满足自己的意愿配合自己的人。有人想两种都占那就是再找个情人 ​",转发,评论,赞
38,//weibo.com/5629076732?refer_flag=1001030103_,,02月27日 15:13,#彩礼不超3.9万子女可优先入学#这项政策的推出背景主要是为了解决当前社会上一些地方彩礼过高的问题，以及由此产生的一系列社会问题。在中国，婚俗中的彩礼问题一直是一个敏感而又复杂的话题。有些地方的彩礼价格高得惊人，给许多年轻人带来了沉重的经济负担，甚至影响了他们的婚恋选择和生育意愿。为 ​展开c,转发,评论,1
39,//weibo.com/7778133679?refer_flag=1001030103_,,02月26日 22:32,河南一男子相亲第4天就订婚，订婚后谈恋爱：比自己追女生容易相亲确实是一种传统的婚恋方式，它在一定程度上能够快速帮助单身男女建立起联系，尤其是在父母和亲戚的催促下，很多人会选择通过相亲来寻找合适的伴侣。河南这位男子在短短四天内订婚，可能是因为他和女方都有强烈的结婚意愿，也可能是双 ​展开c,转发,评论,赞
40,//weibo.com/5858089028?refer_flag=1001030103_,,02月25日 12:35,无论你是否承认，以95、00后为代表的群体正在重新定义婚姻对他们的意义。某种程度上他们正在重构一种新型的婚姻模式甚至基于个体意愿上去颠覆传统式的婚恋观。。 ​,转发,评论,赞
41,//weibo.com/7816089412?refer_flag=1001030103_,,02月22日 09:18 转赞人数超过50,上海婚恋现状（刚刷到的）这段内容确实反映了一些现实问题。现在很多条件一般的男生要么婚恋意愿下降，只想短择恋爱；要么就降低成本、选择回老家结婚；还有的就想找一个实力强大的女生（土著或搞钱能力很强的），让自己轻松搞定结婚这件事。所以我觉得女生在大城市谈婚恋，还是要尽量先以找合伙人 ​展开c,26,11,68
42,//weibo.com/3260546610?refer_flag=1001030103_,,02月21日 21:30,这次回来发现，不仅是女青年结婚意愿不高，农村男青年的结婚意愿也很低，着急的往往是父母长辈，三十岁上下的男青年自身反而并不着急，农村大龄男青年在婚恋问题上已经开始躺平了，被父母亲戚高强度反复催婚也无动于衷。家里有个甚至两个大龄儿子的父母，整个过年期间都是满脸愁容，情绪焦虑、内心焦 ​展开c,转发,评论,赞
43,//weibo.com/5226500121?refer_flag=1001030103_,,02月21日 19:53,雄竞的意愿貌似与婚恋的意愿正相关？我现在一点婚恋的欲望都没有，不过也可能是因为我的生活质量太差了/人生太苦了 ​,转发,评论,赞
44,//weibo.com/5539703320?refer_flag=1001030103_,,02月19日 07:03 转赞人数超过1200,这次回来发现，不仅是女青年结婚意愿不高，农村男青年的结婚意愿也很低，着急的往往是父母长辈，三十岁上下的男青年自身反而并不着急，农村大龄男青年在婚恋问题上已经开始躺平了，被父母亲戚高强度反复催婚也无动于衷。家里有个甚至两个大龄儿子的父母，整个过年期间都是满脸愁容，情绪焦虑、内心焦 ​展开c,100,250,1600
45,//weibo.com/1589189974?refer_flag=1001030103_,,02月16日 11:36,农村：光棍多、结婚难、妻跑现象明显，城市：离婚率高、结婚率下降、生育率下降、婚恋意愿下降，除去经济原因，另一个并行的最重要的原因“人”的思想观念意识行为需要改进了，如果没有zheng策跟进，如果没有媒体及时正确改善引导，会越来越恶化，因为本身有传统思想里一些落后观念的影响，已经不符合 ​展开c,1,评论,赞
46,//weibo.com/1464371075?refer_flag=1001030103_,,02月14日 04:33,自由的真正含义是，所有事情，首先都要自己负责，主要都要自己管好自己，包括身体健康，日常生活，工作，婚恋，交友，学习，休闲。不能把自己的不成熟，失败，负担，责任等转到别人身上，包括不能转移到亲戚家属身上。自由还需要周边任何人包括亲戚朋友家属不能以各种名义违背当事人自身的意愿任意干 ​展开c,1,1,赞
47,//weibo.com/6939234733?refer_flag=1001030103_,,02月09日 13:33,回复@勿忘花下的约定:父母之命媒妁之言是第三方及参考建议，不是婚恋双方当事人本人的意愿。。。//@勿忘花下的约定:回复@残月稀星36540:自由？相亲是自由，青梅也是自由，父母之命媒妁之言更是自由。自由是否有界限,77,评论,255
48,//weibo.com/7464346588?refer_flag=1001030103_,,02月05日 09:17,自愿是否属于自由是各政治派别的核心争论，自由主义更多的是关注自我，自我观往往是抽象独立的，很多时候容易滑坡到为不合理秩序辩护，归因于“个体不努力；左翼则更关注结构（很多时候因此忽略自我和个体），认为自我需求和意愿是被外在结构型塑的（比如外在的社交压力对人婚恋选择的影响），自我和 ​展开c,转发,评论,赞
49,//weibo.com/5878972010?refer_flag=1001030103_,,02月03日 05:57 转赞人数超过10,除去纯约关系或者妹子心智不成熟而好奇，在正常婚龄女性的正统婚恋关系中，在接触早期让妹子感到专一、体贴、付出意愿强等品质，是绝对的加分项。我们可以把恋爱分为两个阶段：接触早期和相处阶段。能够吸引女生的品质，比如英俊有趣等，都是接触早期就体现出来的。可惜的是，“人品好”“靠谱”这 ​展开c,2,评论,23
50,//weibo.com/2231686263?refer_flag=1001030103_,,02月02日 18:17,好好好，我的所有喜好都是无意义的，我的意愿也是无意义的，我唯一的意义就是考公考编获得一个稳定的工作在婚恋市场赢得一点优势看我跑不跑就完了​,转发,评论,2
51,//weibo.com/5320052446?refer_flag=1001030103_,,01月29日 19:57 转赞人数超过10,#求解农村大龄青年婚配难题##多地祭出红娘奖解农村男青年婚恋难题#【#清华大学教授称人口政策应该回归自由#不要指责年轻人不生娃】近日，清华大学社会科学学院教授李稻葵在采访中回应年轻人生娃意愿降低这一现象，李稻葵教授表示，要把生育权完全交给年轻人。李稻葵说：“我收入才三千四千五千，这个 ​展开c,转发,9,17
52,//weibo.com/2490780034?refer_flag=1001030103_,,01月27日 15:46,#多地奖励红娘帮农村男青年找对象#找不着对象跟红娘关系真的不大。。。。现在适龄男女青年本来婚恋意愿就不强，思想独立，想短时间找到合适的对象就不是容易事。尤其是农村男青年，我本人也是一枚农村男青年，太清楚村子里男青年找对象的艰辛，根本就不是容易事，学历、颜值、三观和工作、存款每一 ​展开c,25,12,138
53,//weibo.com/1638782947?refer_flag=1001030103_,,01月25日 17:51 转赞人数超过20,【#梁建章建议非婚生育孩子应享受同等社会福利#】#梁建章建议给单亲妈妈生育补贴#《21世纪》：跟生育率相关的还有一个话题，即现在单身群体增加，初婚年龄不断推迟，年轻人的婚恋意愿持续降低，你怎么看待这种形势对于人口的影响？婚恋意愿降低的趋势未来有没有可能发生变化？梁建章：进入工业化 ​展开c,6,16,33
54,//weibo.com/5659598386?refer_flag=1001030103_,,01月25日 08:32 转赞人数超过100,大城市婚恋特别难搞的问题是：1、优质男性非常稀缺，比你们想的要少很多，而且这部分男性又不着急找对象。（只谈恋爱不结婚）1.5、次优男性（聪明、收入高、性吸引力一般）在恋爱圈子中并不具备竞争优势，他们有意愿结婚，但过不了女性恋爱筛选的这一关。优质女性认可这些人的条件，但就是觉得「不 ​展开c,21,18,133
55,//weibo.com/1918566745?refer_flag=1001030103_,,01月24日 10:48,在婚恋关系中，最忌讳的就是，怀抱着“慕强”心理，去寻找对象或伴侣，让“希望幸福”成为最大的悖论！处心积虑寻找所谓的依靠，渴望无时不在的情绪价值，来疗愈自己，却读不懂人性，用“弱者”的心智，想去控制强者的意愿，这才是婚恋关系中，最大的不幸和悲哀。#心理学#,2,评论,赞
56,//weibo.com/1288429914?refer_flag=1001030103_,,01月23日 15:13,【#今观点#| “坐在宝马里哭”，她实现了当初的选择】“宝马女”马诺自曝婚后半年被丈夫家暴7次，可以说实现了她当初选择“坐在宝马里哭”的意愿，当得起“活该”二字！这么说并不表示我们对家暴的支持，或对她丈夫的纵容，我是对某些婚恋观的讽刺和批判。你说她这是不是“自作孽不可活”？只看重物 ​展开c,转发,评论,赞
57,//weibo.com/2731265535?refer_flag=1001030103_,,01月16日 09:46,🍁经常有人问我‬们你们的成功率高吗？[合十]我们负责的‬回答：婚姻是双向选择的意愿，更是双向赴奔‬的行为！绝不是靠婚恋机构单方承诺和努力所‬能实现的一‬项任务，而是三方共同合作的一项系‬统工程！[爱心]成功率的高低，80%取决于您‬的认知和态度！1、心不在焉的，成功率0%2、光要求别 ​展开c,转发,评论,赞
58,//weibo.com/5347795977?refer_flag=1001030103_,,01月11日 16:36,【北医三院生殖医学科主任李蓉：#未来辅助生殖技术将更加安全规范#】随着社会压力和生活环境的变化，以及青年群体婚恋观、生育观的更新，我国青年家庭、适孕男女生育意愿持续走低，不孕不育症患病率持续走高。近日，北京大学第三医院副院长、生殖医学科主任、北京大学妇产科学系副主任李蓉在接受中国青 ​展开c,60,58,809
59,//weibo.com/2787514907?refer_flag=1001030103_,,01月11日 08:06,是是是，怎么说都是你对。那请问，怎么把男性排除在婚恋市场之外？这个市场的准入可不是女性决定的，无论是经营的公司还是民间的婚恋市场，谁去参加谁就进入了，市场管理者不会嫌客户多，不优质的就不给别人介绍就行了，不存在无法进入市场的问题。 这个统计直接说明的就是-女性的结婚意愿远远高于男性,17,评论,466
60,//weibo.com/7172265505?refer_flag=1001030103_,,01月08日 19:15,年轻人不愿意生孩子，房子太贵只是其中一部分原因，还有其他如生活成本、教育成本、养育成本、时间精力成本、儿童生活环境、婚恋生育观念变更、社会福利保障等等，要系统性、综合性地解决这些问题，才能有效提高年轻人的生育意愿。,39,评论,515
61,//weibo.com/7758691364?refer_flag=1001030103_,,01月08日 17:25,毕业论文研究一下现在大学生的婚恋观…谢谢哪怕结果不显著我也要看到婚姻意愿那一栏分数跌破下限！（算了…还是要显著…不然我就去紫砂） ​,1,5,1
62,//weibo.com/5182989581?refer_flag=1001030103_,,01月04日 08:53,和合术、招姻缘术、相亲后感情塔罗预测：相亲在当下社会逐渐被越来越多的人所接受，因为相亲的时候双方都是有结婚意愿的，所以大家的目的也是心照不宣。只要双方再见面的时候互相能够“看对眼”，那结婚这件人生大事也就算是八字有了一撇了。在生活节奏越来越快的情况下，相亲这种比较高效且正规的婚恋 ​展开c,转发,评论,赞
63,//weibo.com/1795254031?refer_flag=1001030103_,,01月02日 19:43,我爸从来没把我当做一个人来看待，小时候只能是一个学习机器，不准爱美不准社交，更不要说有男性朋友。长大了，我又只是一个婚恋市场上被待价而沽的货物，年龄大减分，胖减分。有没有可能我也是个人呢？我的意愿和喜好真的一点也不重要吗？ ​,转发,评论,赞
64,//weibo.com/7786852633?refer_flag=1001030103_,,2023年12月31日 18:55,读完了春琴抄和局外人，春琴抄概括起来无非就是富千金和穷小子的爱情与生活，但读起来还不错，只是我讨厌中间夹杂着的大量日本战国历史局外人我最喜欢男主的一点是他回答女友结婚意愿那段，我并不爱你但跟你在一起挺好的，你想分手就分，你说结婚那就结，我的婚恋由你一手掌控 ​,转发,评论,赞
65,//weibo.com/6331746615?refer_flag=1001030103_,,2023年12月28日 12:49,说真的，在我这里用贤惠形容女性是无比冒犯的词语，是一种不顾女性意愿地把她拉入婚恋语境里，并且对她的某种“实用性”进行评价的形容方式。 ​,转发,评论,1
66,//weibo.com/2703597591?refer_flag=1001030103_,,2023年12月26日 09:54,#重庆一疑似智障女子与五旬男子结婚#没有表达自我意愿的能力，如何登记结婚的？背后有什么问题？之前记得有一条新闻，说的就是因为没有表达能力，所以没登记成功，怎么到这里，艰难但还是办成了呢？一直在讲，婚恋嫁娶问题原本应该是感情的衍生物，现在这种状况最终呈现的结果，就是大家对婚恋问题 ​展开c,11,31,277
67,//weibo.com/1408340074?refer_flag=1001030103_,,2023年12月23日 06:58,回复@我把风抓住了:《平成女性的四位男友》鼓励日本女性找四位男友，分别是跑腿男、買單男、禮物男和本命男。结果，反而惹恼了日本普通女性，公开站出来反对要求特权的女性。日本男性的结婚意愿是38%，中国男性结婚意愿94%，2022年结婚680万对，结婚少是因为中国男性有一半进不了婚恋市场。,56,评论,1119
68,//weibo.com/7185255188?refer_flag=1001030103_,,2023年12月21日 14:56,以茶话会形式结束了资源与环境经济学课，大家讨论了未来发展，生育意愿，婚恋意愿，信仰问题等，最后还发了红包!(但非酋体质，那手气.......)原来pan老师28岁就有了孩子，还读了博后，这什么神仙速度。性情中人，从第一节课到最后一节课都催大家谈恋爱hhh ​,转发,评论,赞
69,//weibo.com/1949731755?refer_flag=1001030103_,,2023年12月19日 22:02,原生家庭里养成的很多观念，会对婚恋关系产生很大的影响。比如，原生家庭里建立了​“女生应该做一些轻松稳定的工作”的认知的男人，和一个想要自我实现、努力做一番事业的女生，就会有很大的冲突。这时候就看男人是否有足够被伴侣影响的意愿了。 ​,转发,评论,1
70,//weibo.com/7128307237?refer_flag=1001030103_,,2023年12月15日 23:29,#感情建立在爱情上，关系就会不稳定#之前看过一本心理学的书，里面讲到在世界范围内，当代年轻人婚恋意愿下降的问题是因为缺乏“爱的能力”。横看成岭侧成峰。一种现象的产生，按照学科细分来讲，那就有一万个原因。比如就经济学角度，会觉得经济结构变动与婚恋意愿变动显著相关。因为婚恋都是有成本 ​展开c,转发,4,7
71,//weibo.com/1944907193?refer_flag=1001030103_,,2023年12月11日 21:37,朋友们对婚姻的观点五花八门，我只想谈恋爱不结婚，朋友A不想恋爱直接结婚，朋友B想谈一段相爱相知的恋爱然后水到渠成结婚。归根到底，需求服务于自己。婚姻对我而言没什么好处，复杂的家庭关系让我的血压骤升，男性作为婚姻的既得利益者，婚恋意愿总是很强的。逻辑非常自洽了。 ​,转发,1,4
72,//weibo.com/5860335666?refer_flag=1001030103_,,2023年12月05日 01:11,有数据显示“离婚人数”连续3年持续下降！到底是婚恋观念的转变还是结婚意愿降低了？玄武九段的微博音频​,转发,评论,赞
73,//weibo.com/1457427364?refer_flag=1001030103_,,2023年12月04日 22:11,相亲市场上，养🐶的女人和养🐱的男人，都是减分项——说明ta的婚恋育意愿不是那么强，情感需求很大程度靠🐱🐶满足了。如果其他方面令你很满意，那你得更主动老话所谓“女不养🐶，男不养🐱”，其实就是这个意思——这类人是对“你适合当老公/老婆”掉san的高敏感人群 ​,转发,评论,1
74,//weibo.com/5490028053?refer_flag=1001030103_,,2023-11-29 11:40 转赞人数超过50,#审判一念关山#没有背靠大ip但瞎几把改编的我们的原创剧本就是🐮！目前六集看下来剧情都很有意思，女主作为武功高强的刺客却有超前的婚恋观“去父留子”哈哈，男主重情重义，带公主上房顶说的那些话，身为皇族享受了权利富贵却又不愿意承担责任…还有对男二说女生没有明确表示意愿的情况下任 ​展开c,转发,5,65
75,//weibo.com/6974829584?refer_flag=1001030103_,,2023年11月26日 13:00,现在提高生育意愿，首先是婚恋问题。社会普遍观念和男女能不能低成本结婚？和不太高成本维持婚姻？这影响结婚意愿和婚姻稳定性，影响生育意愿。生育问题本身，不光是钱的问题。能不能解决好就近入学和不用辅导作业，托幼服务，儿童用品安全廉价，儿童就医方便快捷高水平。还有很多问题要解决 ​,转发,1,5
76,//weibo.com/1604645232?refer_flag=1001030103_,,2023-11-20 12:09 转赞人数超过100,走婚恋看中男人的东西排序1⃣️对方整体经济条件不能比你差，除非你是黑富丑找上门女婿改善基因。2⃣️对方有付出意愿，两个人在一起的共同开销承担，能力范围内满足你小小的奢侈。3⃣️有同理心，性格有一定的包容，父母三观正懂沟通，我把这几个写一起是因为这些是一体的4⃣️遇到问题能解决 ​展开c,35,7,114
77,//weibo.com/1726426884?refer_flag=1001030103_,,2023年11月14日 11:06,2023《广州青年发展报告》发布，青年整体呈现出明显晚婚趋势，30岁是婚恋意愿和婚姻计划分水岭。你理想的结婚年龄是多少岁呢？#30岁是广州青年婚姻决策的重要转折点##超八成青年留穗意愿强烈#你理想的结婚年龄是多少岁呢？​,转发,1,89
78,//weibo.com/6793722135?refer_flag=1001030103_,,2023-11-08 19:30 转赞人数超过20,#真爱不是遇到而是养成的#爱，就是无私的奉献。如果双方都明白这个准则，那爱情和婚姻一定是美满的。如果大多数男男女女都明白这个道理，那婚恋的社会风气一定是清爽的。如果整个社会达成共识，那还担心什么结婚率人口下降呢？如果谁都不想付出，只谈回报，那个人意愿和社会风气一定十分糟糕​,转发,16,32
79,//weibo.com/2688756981?refer_flag=1001030103_,,2023年11月07日 16:13,不谈还好，一谈就非常想批判内娱这种狗屎一般只会每部剧都要上升到谈恋爱结婚生娃的垃圾氛围。管你是正剧偶像剧悬疑剧还是穿越剧，都2023年了，为了↑明里暗里给过提示的婚恋KPI，每部剧里不谈个恋爱不催一下结婚生娃仿佛下一秒就会去世一样。唉，管你什么意愿的，都像机器人一样定时定期谈对象就得了 ​展开c,转发,评论,3
80,//weibo.com/6976060645?refer_flag=1001030103_,,2023-11-07 15:25 转赞人数超过100,在美国深耕轻奢行业，渐渐发觉国人对婚恋消费品的消费习惯挺不健康的。社交媒体上订婚结婚人均Harry Winston、尚美、Tiffany，又不是高定款，只是门市款，还非要撑个面子买没有特殊意义的白色碎钻，TB上卖假的HW盒子的月销量都好几百，想展示对婚姻的重视和物质付出的意愿，直接买黄金买楼房诚意更大吧 ​展开c,29,22,342
81,//weibo.com/2183815697?refer_flag=1001030103_,,2023年11月06日 18:49,我 。目前为止毫无婚恋生孩意愿。别给我张罗了求求家长了。我连自己到底喜欢女的还是男的都搞不清楚。再这样下去我可能要噶了。 ​,转发,1,3
82,//weibo.com/3525736635?refer_flag=1001030103_,,2023年11月06日 09:46,装正常人首先从「本人有一定的婚恋意愿」开始。 ​,转发,评论,2
83,//weibo.com/7763982354?refer_flag=1001030103_,,2023年10月27日 16:24,有道理，把婚恋取向婚性恋和非婚性恋。这个分类方式就能说清楚很多问题了。婚性恋：结婚意愿强、认可婚姻制度非婚性恋：结婚意愿弱、不认可婚姻制度（男性里面，需要女方提供大量好处or只有全方位高攀女方才愿意结婚的，也是非婚性恋。女性里面的隐藏非婚性恋比较复杂，暂且不论。）那很多矛盾， ​展开c,3,6,26
84,//weibo.com/1974561081?refer_flag=1001030103_,,2023年10月24日 18:00,#日本受访青年每3人中有1人不想恋爱#【日本年轻人的婚恋意愿呈下降趋势：#推算显示到2040年日本半数人口是单身#】2023年8月，日本国立社会保障与人口问题研究所公布了《现代日本的结婚与生育》报告书，在18—34岁未婚青年中，近七成受访青年没有交往对象，其中每3人中就有1人不想谈恋爱。同样，年轻人 ​展开c,转发,评论,赞
85,//weibo.com/1885454921?refer_flag=1001030103_,,2023年10月24日 09:00,【#日本打算终身不婚年轻人比例上升#】相关调查发现，日本年轻人的婚恋意愿呈下降趋势，越来越多的Z世代青年崇尚“不恋爱、不结婚”的婚恋观。2023年8月，日本国立社会保障与人口问题研究所公布了《现代日本的结婚与生育》报告书，在18—34岁未婚青年中，近七成受访青年没有交往对象，其中每3人中就有 ​展开c,6,3,12
86,//weibo.com/5993531560?refer_flag=1001030103_,,2023年10月24日 08:05,【#日本打算终身不婚年轻人比例上升#】相关调查发现，日本年轻人的婚恋意愿呈下降趋势，越来越多的Z世代青年崇尚“不恋爱、不结婚”的婚恋观。2023年8月，日本国立社会保障与人口问题研究所公布了《现代日本的结婚与生育》报告书，在18—34岁未婚青年中，近七成受访青年没有交往对象，其中每3人 ​展开c,2,5,26
87,//weibo.com/1955563285?refer_flag=1001030103_,,2023-10-18 19:38 转赞人数超过40,#去年我国一孩出生低于450万#结婚率，创新低了！中国结婚率创新低，人口减少，2022年全国出生人口降至956万人，同期的死亡人口1041万人。结婚率创新低，主要原因是结婚意愿低，结婚率不断创新低，而这背后是社会现象施压男性、婚恋观念转变和新三座大山倒逼等因素。影响出生率和结婚率的是压在年轻人 ​展开c,13,27,58
88,//weibo.com/2412352434?refer_flag=1001030103_,,2023-10-09 22:46 转赞人数超过10,《九个月的爱情》  玛塔·梅萨罗什真正意义上的女性电影——关注女性真实的生存境况（荡妇羞辱、性别歧视、被贴标签、被压榨、被物化），不卑不亢说出女性心声（在工作、学业、婚恋、生育诸方面的自主选择权），犀利指出男性的幼稚而虚荣、善妒而虚伪（打着爱的名义，干涉、剥夺伴侣各方面做主的意愿 ​展开c,24,评论,45
89,//weibo.com/5249167277?refer_flag=1001030103_,,2023-10-05 09:01 转赞人数超过10,#丞磊ins#国家提倡婚恋自由谈不谈恋爱 结不结婚都是自己的选择 更何况和谁谈 和谁结 都是自己的意愿我劝有的粉丝 放平心态 丞磊不是idol 他是个演员 他可以有自己的情感生活 多盼着你哥眼光好 给你们找个好嫂子 别幻想自己成为嫂子哦莫哦莫 我那阳光帅气的男大导演多看看演员 ​展开c,转发,3,29
90,//weibo.com/6263598369?refer_flag=1001030103_,,2023年10月01日 06:21,不结婚的话男生和女生谁更受益？日本的终身未婚率，男性25%，女性16%。各大城市的相亲角，清一色都是女性，相亲男女比例夸张的已经到2:8了，男2女8。世纪佳缘、珍爱网等大型婚恋网站的新增用户数，女性也大大超过了男性。所以到底谁更收益我不知道，但似乎女性的结婚意愿要大于男性。原因可能 ​展开c,2,评论,2
91,//weibo.com/6340123945?refer_flag=1001030103_,,2023-10-01 05:23 转赞人数超过100,我其实意识到，疫情开始的三年间，我的婚恋观才从根本上发生了变化。之前是很口号化的知道新时代女性哪些界限需要打破、我不需要被婚姻负累绑架之类一切的blahblah，我猜很多人可能也跟我一样？就是以为自己理解了，但没有真正的下决定，像是婚姻意味着什么？进入婚姻意味着什么？自由生育意愿不干脆等 ​展开c,6,1,117
92,//weibo.com/2094291981?refer_flag=1001030103_,,2023年09月30日 09:24,求婚恋和求付出是两个事情（赛道）；求婚恋更多的是看付出意愿和付出意识，求付出更多的是看付出量级。 ​,转发,评论,赞
93,//weibo.com/1342296661?refer_flag=1001030103_,,2023年09月29日 16:44,#孟子义 想结婚就别谈太久的恋爱#孟子义这是十分清醒的婚恋观，她知道自己想要什么，不盲目，不草䔞，不违背自己的意愿，这种观点能确保自己的婚恋准确，找到自己真正所爱的人，收获美满的爱情，摘取婚姻的幸福！ ​,转发,1,3
94,//weibo.com/1670785480?refer_flag=1001030103_,,2023年09月27日 08:43,老实人，在职场上算是一个具有俯视意味的褒义词，意味着好管理，好支配，适宜做偏执行性的工作。类似形容一件扎实趁手的工具。 如果在婚恋关系中，但凡有意愿找一个特点为老实人的人结婚，家庭结构同样带上了几分职场色彩。被选择的老实人，就是一个只低头负责执行，但没有太多决策发言权的打工人。,10,评论,487
95,//weibo.com/2382064902?refer_flag=1001030103_,,2023-09-26 14:15 转赞人数超过4000,我今天早晨起来正好和一个朋友聊天聊到婚恋的问题。他是正好准备要写东南亚的专题，我建议他可以多考虑写写目前中国人尤其是有生育意愿的中国基层男性去东南亚结婚的情况。这里面很多东西因为和大家从小接受的宣传差异太大，所以大家心态上可能接受不了。最典型的就是出生男女性别比，你在网上看这是 ​展开c,181,519,4665
96,//weibo.com/7778525280?refer_flag=1001030103_,,2023年09月15日 15:55,女人在感情里要是想一次就直接进入婚恋模式，最好还是找一个比较成熟的人，或者是对方比较想进入婚恋状态的人。如果对方自己就没有那么强的意愿去结婚，女人就不要跟他浪费时间了。#卢昱晓被粉丝感动哭了#​,转发,评论,赞
97,//weibo.com/2652966780?refer_flag=1001030103_,,2023年09月15日 00:49,#九元素婚恋心理##愿心如光##意象对话#在我接待的婚恋来访中，我喜欢用九元素来帮助来访去理解她们婚姻中的矛盾，这个方法能够更快掀开婚姻中鸡零狗碎的面纱，看到底下真正的需求和冲突点，去理解自己关系中的核心矛盾，也为化解冲突提供了一个很好的路径。想在网络开小组，让想更多有意愿理解自己婚 ​展开c,转发,1,赞
98,//weibo.com/2483195467?refer_flag=1001030103_,,2023年09月13日 17:23,欢迎台胞台妹来福建落户，解决下有结婚意愿的福建大龄男青年的婚恋问题。​,转发,评论,赞
99,//weibo.com/5337604581?refer_flag=1001030103_,,2023年09月03日 01:01,帅的，是女性那种利落英气的帅。三十一岁，单身，没有婚恋意愿，父母不干涉，一人一狗一车，小loft独居，到公司车程二十分钟，假期喜欢睡到自然醒、收拾卫生和做饭，难以想象有另一半插足人生，更难想象孕育孩子，姐不婚不育，姐的生活与容貌永远停在剩女三十岁——满是底气的美貌、增光添彩的细纹 ​,转发,4,7
100,//weibo.com/6384856367?refer_flag=1001030103_,,2023年09月01日 22:50,简而言之，女生要找对象，前提是他能让你的生活更好，你只需要评估这一点达没达到就可以了。达不到，你就单着过为啥男的不用评估呢？因为婚恋里，完全确定的是:女性付出是实实在在的，她能得到啥未可知。男性得到好处是实实在在的，他付出啥全凭他意愿 ​,1,评论,赞
101,//weibo.com/7018195615?refer_flag=1001030103_,,2023年08月30日 18:10,想通过婚恋满足自身需求，最重要的往往是筛选对象。需要衡量的首先是对方是否具备达成需求的条件或资源，其次是对方付出的意愿够不够。指望一个现有条件或资源不足的人因为爱情而改变，这基本上是不可能的。例如，希望一个本身经济条件不好的男人大方地给予配偶物质资源，这相当于缘木求鱼。而通过单 ​展开c,4,评论,12
102,//weibo.com/6439240024?refer_flag=1001030103_,,2023年08月29日 11:11,【不仅不结婚，年轻人恋爱都不谈了？】这些年来，中国的年轻人不太爱结婚了。据《2021中国民政统计年鉴》，自2013年达到顶峰的9.9‰ 后，国内的粗结婚率就一路走低，至 2021年结婚率已连续八年下降 。而且平均初婚年龄也从2010年的24.89岁变成2020年的28.67岁，增加了3.78岁。不只是结婚意愿低下，许 ​展开c,转发,评论,1
103,//weibo.com/1296252953?refer_flag=1001030103_,,2023-08-28 23:03 转赞人数超过1000,#最难找对象的星座男女#引语：就像标题中说的那样，今天我们需要探讨的是12星座中最难找对象的星座男女。那在探讨今天的话题之前有一些星座我们需要排除在外，比如婚恋问题型星座（白羊座、天蝎座），完美主义“患者”不愿意找对象的星座（处女座、水瓶座）等等。这里难以找到合适对象的男女是主观意愿 ​展开c,106,58,1046
104,//weibo.com/7825233051?refer_flag=1001030103_,,2023年08月19日 02:13,pyq里所有早婚的全是奉子成婚，有一个还是大月龄办酒。一直觉得在我这个年龄段出现此类现象的概率应该较低，一是互联网检索的便利提供给我们很多学习x教育的机会，以及各类婚恋信息差会让我们多审视自身情感内容，二来高等教育的较高覆盖率，女孩这类意愿会降低。没想到还是大多数人都…其中一个女孩py ​展开c,转发,1,赞
105,//weibo.com/6886599337?refer_flag=1001030103_,,2023年08月15日 11:17,当市场改革后婚恋家庭成为建构女性气质和自我认同的核心领域，女性身份更多作为情欲对象被强调（罗丽莎，2006；Barlow，1994），于是，被男性渴望成为女性魅力和价值的直观体现；男性的意愿和付出构成了关系性质和认真程度的基础，这些都影响着女性对关系的判断和投入程度。 ​,转发,1,赞
106,//weibo.com/6211832570?refer_flag=1001030103_,,2023年08月10日 22:46,婚恋市场和房地产市场有很多相似之处，在一线城市，普通甚至低品质的房产依然价格惊人，对消费者而言，无论收入是前50%还是5%，其实获得的待遇区别不大，因为卖方面向的是前0.5%。当然还有一种选择，如果有些人意愿很强烈，也可以背上贷款强行上车，如此则要成为长期的供房者。相似的现象背后往往有相 ​展开c,转发,4,赞
107,//weibo.com/1723983095?refer_flag=1001030103_,,2023年08月10日 10:57,#长相思#人家大大方方的谈恋爱啊！拿现代婚恋观去审判封建时代的包办婚约？真够双标的，怎么不拿现代法律去审判违背个人意愿的婚约是否有效呢！泼脏水的是傻了么，没有逻辑，贞节牌坊成精了吧！ ​,转发,1,3
108,//weibo.com/7470093272?refer_flag=1001030103_,,2023年08月05日 13:24,癸卯年庚申月学业婚恋事业健康分析（8.6-9.7）日主是甲木和乙木之人1：学业官星连体的月份，对于求学期的木命人来讲，学业运势并不算理想。因为官星代表一种束缚，代表一种压力。这很容易让木命人在学习方面容易自信心不足，压力大。遇到疑难问题容易退避，学习的动力不足，意愿也不强烈，大考很 ​展开c,转发,评论,赞
109,//weibo.com/7368051782?refer_flag=1001030103_,,2023年08月03日 17:04,#剩男剩女的最佳途径是相亲吗#相亲并不是唯一的选择。现在有很多婚恋平台和社交软件可以让单身男女扩大自己的社交圈子，通过共同兴趣爱好或价值观找到合适的另一半，这样更符合个人意愿和需求。#夏日治愈瞬间#​,转发,评论,1
110,//weibo.com/5065120122?refer_flag=1001030103_,,2023年08月02日 19:17,笑死，下午出去参加外聘老师的培训，最后提问环节，老师问各家单位怎么解决青年婚恋问题就不能尊重我们不结婚的意愿么。。。让想结婚的结，让想生的生，peace and love​,转发,评论,赞
111,//weibo.com/6554904118?refer_flag=1001030103_,,2023-08-02 15:49 转赞人数超过10,怎么样能改善两个人的关系？还看双方的意愿，双方都想好的，总能好起来；有一方不想好了，做再大努力，买书发推文给另一方看，带另一方去参加什么婚恋辅导都没有鬼用，怎么样也没有用。#情感#​,9,3,28
112,//weibo.com/7303869935?refer_flag=1001030103_,,2023年08月02日 15:04,有钱且付出意愿强的男人谁管你多偶啊普通婚恋介意多偶只是介意健康 钱被刮分 👨上头真离婚自己没独立生存能力但👨不论穷富都喜欢体验不同👩……求专一很反人性 求财靠谱 ​,1,评论,1
113,//weibo.com/1824430122?refer_flag=1001030103_,,2023年08月01日 19:07,没什么特别理由就是突然想起，之前和朋友聊过一个问题，关于date双方怎么买单。起因是她遇到一个男方提出要AA，把她无语坏了，而我朋友是坚持无条件男方买单的。当时我问了句：如果是出于互相了解的意愿，AA不也正常吗？我朋友告诉我，这是婚恋市场的默认规则，女生花时间准备打扮和你吃饭，可以把买单 ​展开c,转发,6,6
114,//weibo.com/5231769022?refer_flag=1001030103_,,2023年07月31日 09:44,男兔女虎千万别在一起地位不等：属兔男和属虎女，在婚恋关系中，俩人的地位是完全不对等的。属虎女特别强势，掌控欲还极为强烈。属兔男在恋爱或是婚姻中，务必要特别听话，只要稍微忤逆到了属虎女的意愿，那么俩人必然会爆发出激烈的冲突和争吵。而且属虎女事业心很重，没什么家庭责任感，即便结婚有 ​展开c,转发,评论,1
115,//weibo.com/6005809215?refer_flag=1001030103_,,2023年07月24日 14:00,现代人的婚恋观，其实归根结底就是两点，彼此能否给对方带来物质价值和情绪价值。两点都具备了，那就几乎是无限接近完美了，婚恋关系可以稳固且长久。具备一点的可以保持基本的婚恋关系，能否稳固且长久那就要看双方的主观意愿和外部因素了。一样都不具备的，压根儿就没戏唱！​展开c,转发,评论,赞
116,//weibo.com/1285252117?refer_flag=1001030103_,,2023-07-22 09:49 转赞人数超过300,#调查显示女性结婚意愿比男性更低##梁建章称中国或面临世界最严重低生育率危机#不婚不育保平安似乎称为“女性时尚”，当然，我国无疑已经进入“低生育率陷阱”。关于这个话题，我已经说过多次，女性生育意愿低是由很多因素造成的。在社交平台上，消极的婚恋观并不少见。但不夸张地说，中国或将面临 ​展开c,8,50,367
117,//weibo.com/1497115052?refer_flag=1001030103_,,2023年07月19日 14:24,#调查显示女性结婚意愿比男性更低#这个梁专家再分去婚恋网站和婚介所看看数据资料也不会得出这种结论，男女比例都特么快1:10了，还搁这儿幻想男的想结婚，女的不想结婚呢？梁专家是不是把男性采样对象都设在深山老林穷乡僻壤的老光棍，把女性采样都设在一二线城市了？还是说压根儿就没统计或者直接玩儿 ​展开c,转发,评论,赞
118,//weibo.com/5642056908?refer_flag=1001030103_,,2023年07月19日 12:56,#调查显示女性结婚意愿比男性更低#是的，女的比男的低，即便婚恋网站男女比都达到1：7了，还是女人结婚意愿低，没人要再不编点瞎话骗自己，还怎么活啊​,转发,评论,赞
119,//weibo.com/1845290965?refer_flag=1001030103_,,2023年07月19日 12:48,#调查显示女性结婚意愿比男性更低#所以，为啥大城市婚恋机构男女会员比1比14呢？钱可是不会骗人的。 ​,转发,2,3
120,//weibo.com/1589189974?refer_flag=1001030103_,,2023年07月19日 12:48,#调查显示女性结婚意愿比男性更低#受教育程度与结婚率高低没多大关系，只是因为生态恶劣，对女性不友好，没安全保障，你不改善生态环境，却指责避险的人，你是不是有毛病？举个栗子，如果你生态环境不好，野生动物都不来，何况人呢？改善婚恋生态环境，改善人品，心机套路止住，保障女性安全，保障女性 ​展开c,转发,1,3
121,//weibo.com/7025620522?refer_flag=1001030103_,,2023年07月19日 12:45,#调查显示女性结婚意愿比男性更低#哈哈，加油，婚恋市场会给出答案，但就是有一些沸羊羊搁这抬高猪价。没办法，市场价就高​,转发,评论,赞
122,//weibo.com/2185998721?refer_flag=1001030103_,,2023年07月18日 10:20,性魅力低的人会有想用婚恋成果证明自己性魅力的冲动，比如早早结婚，证明自己有人要。但是急于控制自己人生走向，希望人生轨迹完全按照自己的意愿展开，这种高控制欲行为本身就是性魅力低下的表现。老老实实承认自己不行，然后积极开展相亲等择偶活动，这种心态可能更健康。 ​,转发,评论,赞
123,//weibo.com/5116934325?refer_flag=1001030103_,,2023年07月15日 17:28,男权大v想要说明女人更渴婚时，总拿婚恋网站女会员比男会员多举例子，可是婚恋网站对男女的门槛是不同的，100个女人只要有婚恋意愿，都可以去婚恋网站报名，100个男人有婚恋意愿，只有50个有房有车的有资格报名，首先门槛就不一样，而且报名只是意味着想找好的，并不意味着一定会结婚，找不好就不结婚 ​展开c,转发,评论,3
124,//weibo.com/1758745451?refer_flag=1001030103_,,2023-07-10 19:12 转赞人数超过10,我前一阵儿给一个客户做本命婚恋，然后呢弱弱地暗示到了另一半的情感复杂的问题，要提前擦亮眼，因为对方也说考虑结婚吗，我觉得还是有必要先谨慎一些。然后前几天来跟我说，经过提醒发现对方有Pc经历，不能接受，就分手了。我心里暗喜今天又来问我能否复合，说实话我确实尊重客户的每个个人意愿，我 ​展开c,转发,2,28
125,//weibo.com/2115467425?refer_flag=1001030103_,,2023年07月10日 14:50,昨天和朋友聊天突然意识到我们之间的巨大差异是为什么，大概聊了两个小时我终于总结出来了。首先我在很小的时候就知道爱是有高低之分的，长大后明白爱是需要条件的。所以我的婚恋生育意愿很低。在成长的过程里，充分准备好背上行囊自我出发，不爱就不爱，拜拜就拜拜。现在我爹妈喊我回家我都一万个理 ​展开c,2,6,7
126,//weibo.com/1752327782?refer_flag=1001030103_,,2023年06月27日 01:26,喝了两杯朝日状态正好，很聪明很清醒又有一点儿小犯困，总结：不至于让我强迫症发作回家继续打扫卫生的酒，都是好酒！！！吃了一晚上瓜再一次感叹，优质男生太少，优质女生太多。结婚之后真的一夜之间热衷于各种牵红线做红娘。。。。（ps 是帮助有意愿脱单的，不是无差别地推销婚恋！！杜绝催婚！！ ​,转发,1,2
127,//weibo.com/5909999140?refer_flag=1001030103_,,2023-06-26 13:00 转赞人数超过30,#原生家庭对子女婚恋观影响有多大#很大很大……我对婚姻没有幻想和向往，也没有结婚的意愿和勇气，也不觉得婚姻就代表着幸福和快乐。 ​,1,评论,43
128,//weibo.com/2871901791?refer_flag=1001030103_,,2023年06月25日 23:37,在父母眼里是不是答应去相亲就代表你有婚恋意愿呢 ​,转发,评论,赞
129,//weibo.com/6256399170?refer_flag=1001030103_,,2023年06月24日 14:28,在大事上（婚恋，事业）不能自主、做了很多妥协的人，往往在小事上特别执拗地要坚持自己的意见。那些大决定上按自己意愿来的人（做热爱的事业，和喜欢的人结婚或保持独身）小事上反而是随顺的。 ​,转发,评论,赞
130,//weibo.com/3686514793?refer_flag=1001030103_,,2023年06月23日 19:09,从许愿大数据看，当前婚恋和生育意愿低迷，升官发财意愿强烈​,转发,评论,赞
131,//weibo.com/5582394547?refer_flag=1001030103_,,2023年06月21日 19:18,发现现在8⃣️字无财的男人还挺多。无财不一定没钱，有些条件还相当不错，但就是容易留不住女人。特殊命局，比如说专旺或从格另论。除了没钱娶不上媳妇的，其他各种原因都有。有些是自己对婚恋不上心，有些是⭐️取向问题。今天重点说一种，就是没有付出意愿，还总想挑个更好的。本质上是对女 ​展开c,2,评论,3
132,//weibo.com/3492052885?refer_flag=1001030103_,,2023年06月21日 09:32,某男：专家口中的“大家生育意愿越来越低”是指：哪怕有合适对象，也不想结婚生孩子。但现实中很多人的“不婚不育”，并不是出于个人意志，而是因为找不到好的对象。这种不能归咎于“个人生育意愿低”，而应该归类为：婚恋渠道狭窄、配套服务不成熟（客观限制），导致的生育率走低。————男的真就 ​展开c,转发,评论,赞
133,//weibo.com/2927915845?refer_flag=1001030103_,,2023年06月19日 12:42,脱单课报名啦~九节音频课都可以无限次复听，不用担心各种忙没时间听，也给习惯看文字的mm准备了讲义pdf，没时间听音频就看文字内容群内可以提问，时长一周，每个人可以提问一个问题，我都会认真回复脱单课，适合不了解婚恋市场，有脱单意愿（教你择偶、脱单）/还没想好脱不脱单的女生（告诉你现 ​展开c,3,6,7
134,//weibo.com/7828040355?refer_flag=1001030103_,,2023年06月16日 10:10,[庆祝]婚恋小知识 💖                                           单身综合症：                                              ① 有结婚意愿，但一直没遇到合适的； ͏② 持续性享受单身，间歇性渴望婚恋；③ 随年龄增长，逐渐怀疑是否该结婚；④ 经常地提醒自己不着急，宁缺毋滥；⑤ 嘴里说 ​展开c,转发,评论,5
135,//weibo.com/3867071046?refer_flag=1001030103_,,2023年06月15日 21:46,我们这个社会从没有像现在一样出现了性别危机。一方面性别比例严重失调，婚恋观念改变，结婚支出严重超标，造成结婚人数锐减，不婚族增加；另一方面结婚以后生育意愿降低，二胎放开后的效果没有想象的那么明显，同时离婚人数激增，婚姻信任脆弱不堪；还有就是女权主义兴起，女性意识觉醒导致把一些 ​展开c,转发,评论,赞
136,//weibo.com/6053567145?refer_flag=1001030103_,,2023年06月13日 11:49,年轻人不结婚不生子成为全社会的焦虑，许多人都说这是社会压力太大，婚恋生子成本太高，职场太卷等等，总之，都是#年轻人不想生是因成本还是观念#社会的错，外部环境不友好云云，这么说话几乎成了一种政治正确。但真的是这样吗？都是大环境不好，自身小环境就没有责任？我坚决反对这一说法，这是借口 ​展开c,转发,5,1
137,//weibo.com/2471741433?refer_flag=1001030103_,,2023年06月12日 13:21,网上大量女性不·婚不·育的错觉，就我个人而言，周围有结婚生子意愿的大龄女性还是占多数，仅有极少数坚决不·婚不·育。想结婚，想生孩子，想有一个家庭，但纯粹是因为年纪的缘故就被拒绝在婚恋门槛之外，太痛苦。别说恋爱，单单大龄产妇就已经是一堵铜墙铁壁，生育风险毕竟最终还是落在女性身上。真难 ​展开c,转发,评论,赞
138,//weibo.com/1614444980?refer_flag=1001030103_,,2023年06月11日 13:22,#女性受教育程度越高终身不育率越高#从身边的情况来看这个调查结论是可信的。婚恋、生育都是个人意愿，没有对错。 ​,转发,5,2
139,//weibo.com/6036497091?refer_flag=1001030103_,,2023年06月11日 13:07,2023.6.10陕西省总工会1.人工智能的发展Chat gpt的出现，有人认为是好的，但是也有人认为增加了失业问题，你怎么看？2.有人说成功者只改变方法不改变目标，失败者只改变目标不改变方法，对此你怎么看？3.现在人口老龄化严重，全国的生育意愿有降低，你作为工会干部，在工会组织一次婚恋交友的活动 ​展开c,转发,1,赞
140,//weibo.com/5653097104?refer_flag=1001030103_,,2023年06月10日 16:47,回复@尼玛团成团:女拳我甚至觉得本质是厌女，精致的利己主义者，否定女性的基本婚恋需求和生育价值，我看过有句话说的挺好，女性生来具有生育的功能并没有错，生不生育的意愿是因人而异，本身也并没有对错好坏之分，包括单身和结婚也是，在女拳眼里单身就是独立，结婚就是依靠男人,106,评论,2108
141,//weibo.com/5716745168?refer_flag=1001030103_,,2023年06月03日 07:14,想要解决现在年轻人结婚意愿和生育意愿越来越低的问题：要从降低房价物价、减轻年轻人经济压力和工作压力、增强社会福利保障、增强职业发展和劳动保障、增强女性生育后的职业发展保障、改善孩子成长和教育环境、进行婚恋及相关保障、进行宣传引导教育等层面想办法。要为为年轻人减负、减少顾虑担忧 ​展开c,转发,评论,赞
142,//weibo.com/2584282543?refer_flag=1001030103_,,2023年06月01日 19:40,以下是我比较认可的几条婚恋观:1、恋爱、结婚和生育，不是每个人都必须履行的义务，也不是人生必选项，而是一种可以根据自己的意愿和实际情况进行的自由选择，作出选择的目的一定是为了过上更加稳定可持续、幸福快乐的高质量生活。2、对于婚姻和恋爱，不必过于恐惧和抗拒，可以保持相信和向往，可以 ​展开c,转发,评论,赞
143,//weibo.com/7214442903?refer_flag=1001030103_,,2023年06月01日 15:28,上升射手座♐️六月#射手座#月初，满月发生在你的命宫，是不是终于下定决心结束一段不合适的感情、一段不公平的合约？月中双子座的新月发生在婚恋合约宫位，你可以好好向宇宙发送请求意愿，几个月之后，回顾自己的愿望是否实现。射手座的你一直爱玩、爱旅行、爱扩展视野接受新事物及异域的多元化的 ​展开c,2,3,14
144,//weibo.com/1989552593?refer_flag=1001030103_,,2023年05月30日 10:53,知乎上不停的热帖，为什么年轻人生育意愿降低。老话题了。其实要说再简单不过。一个是 经济问题。另一个是人与人之间的信任危机。婚恋市场尚且如此，弄个娃出来麻烦更大。衡量利弊得失，不生为好。 ​,转发,1,2
145,//weibo.com/2065141437?refer_flag=1001030103_,,2023年05月29日 20:13,对我个人来说，开启婚恋真的意味着要作出巨大牺牲，如果对方不是真正值得我这么做的人，我会掉头就跑。我真的非常珍惜自由，那种可以不受他人干扰、不必帮人收拾烂摊子、不必照顾别人的情绪、可以以我的意愿来安排每一天的日子。所以选择婚恋必须要有足够说服我自己的理由，精神/物质/社会价值加分都 ​展开c,转发,评论,1
146,//weibo.com/3827945904?refer_flag=1001030103_,,2023年05月26日 19:04,下午有个不太熟的人突然敞开心扉和我聊起了婚恋话题 总结起来就是我们这些无限趋近于30岁的人 对婚姻有着间歇性的期待 有意愿 但是不多 虽然也经历过社会的毒打 但是对自由的渴望似乎更胜一筹 有机会一起喝酒吧 我们都需要同类人的肯定 这样才能更长久一点的坚持自我吧 ​,转发,评论,1
147,//weibo.com/7342657048?refer_flag=1001030103_,,2023年05月18日 23:38,#00后的你被催婚了吗#催婚真的是谁都逃不过啊，但是没有想到00后也加入了被催婚的队伍里，真的是看来蛋蛋后都长大了啊，但是结婚这个事情还是要看自己的个人意愿，我不认可催婚这个做法，还是要看自己的节奏吧！#00后的婚恋观是怎样的#​,14,15,63
148,//weibo.com/7785524163?refer_flag=1001030103_,,2023年05月18日 22:29,#00后的你被催婚了吗#00后的意愿是不以其他人的意志为转移的，他们会有自己的想法，结婚这件事情就更不用说了#00后的婚恋观是怎样的#​,转发,评论,赞
149,//weibo.com/2239402020?refer_flag=1001030103_,,2023年05月18日 22:17,#00后的你被催婚了吗#结婚真的是一个大家都逃不过的话题呀，没有想到00后也迈入了被催婚的门槛之中，但是结婚这个事情还是要看自己的个人意愿呀不同的人有不同的想法，在催婚的同时，还是要尊重孩子们对婚姻的态度#00后的婚恋观是怎样的#​,转发,评论,赞
150,//weibo.com/5978670534?refer_flag=1001030103_,,2023年05月18日 17:15,#00后的婚恋观是怎样的#很多00后表示对于谈恋爱和结婚会按照自己的节奏走，不会遵从家里的意愿，父母也比较开明，我觉得我现在也是同样的想法#00后的你被催婚了吗#​,转发,评论,赞
151,//weibo.com/3804992722?refer_flag=1001030103_,,2023年05月18日 16:24,#00后的婚恋观是怎样的##00后的你被催婚了吗#520即将到来，很多00后来郑州连心里拍照打卡，他们对婚姻的看法各抒己见。一部分00后表示对于谈恋爱和结婚会按照自己的节奏走，不会被迫遵从家里的意愿。也有00后表示会听从一部分爸妈的意见，但不喜欢催婚，还是以自己喜欢的为主。#520表白日#​展开c,284,397,4762
152,//weibo.com/6410101390?refer_flag=1001030103_,,2023年05月15日 22:18,没必要哦。每个人都有自己的择偶标准，或高或低，都是个人意愿。不必上纲上线，尊重每个人的选择。所谓的大龄剩女，也并非就嫁不出去，多经历几次相亲，了解这个社会的婚恋现状，反而能够尽早解决终身大事。#32岁女生相亲角因条件高被男子怼哭#情感超话#微博新知博主##情感#​,转发,评论,2
153,//weibo.com/7752239236?refer_flag=1001030103_,,2023年05月09日 10:22,受激素水平、能量水平、认知水平等因素的影响，二十左右那会儿是我这辈子婚恋生育意愿的最高峰。从二十岁到三十岁我的心态变化经历了三个阶段：第一阶段，为爱付出没什么。第二阶段，不公平公正的事情傻子才干，别光A钱也AA生育和性别歧视的成本吖。第三阶段，不赚就是亏，赚的少也是亏，没啥明显好处 ​展开c,转发,评论,赞
154,//weibo.com/6373105193?refer_flag=1001030103_,,2023年05月07日 13:00,大学生婚恋调查调查显示，大学生群体的平均意愿子女数为1.36，50%大学生的意愿子女数少于2个。而且大学生展现出一定的女孩偏好，在理想子女数为1的群体中，70%选择了只想要一个女儿。这个和当下很多人差不多，很多男性更离谱，只想要女孩。没有了「传宗接代」的思想，逐渐生不生孩子也不那么重要了 ​展开c,1,5,12
155,//weibo.com/7770633807?refer_flag=1001030103_,,2023年05月02日 18:07,社会弥漫的焦虑就没有断过，隔三差五的出现在眼前，普通人已经很累了。不过情况倒基本是这样，婚恋、生育意愿年年走低就可见一斑。,1517,评论,46798
156,//weibo.com/7659564924?refer_flag=1001030103_,,2023-04-23 14:04 转赞人数超过50,五一之前工会要组织一次相亲活动，这次活动的负责人和我说，看到年轻人择偶难，一开始他以为是缺乏谈恋爱的技巧和意愿，后来深度接触这些年轻人发现，是缺乏社交技巧。我一琢磨，还真是这样。不只是婚恋，人际关系不好的人，在职场、社交、生活中也会有很多苦恼。你给她分享人情世故的技巧，她只会 ​展开c,29,7,51
157,//weibo.com/1218747455?refer_flag=1001030103_,,2023年04月19日 21:43,传统婚恋网站需要一场颠覆性革新 自身痼疾缠身，外部新兴平台不断冲击，行业口碑不断下探，照此趋势发展下去，传统婚恋网站恐怕只能走向没落。“单身人士苦婚恋网站久矣”，消费者的意愿已经表现得如此强烈，再不反躬自省，来一场彻底的改变，“年轻人抛弃传统婚恋网站”就不再是将来时，而是现在进行 ​展开c,转发,评论,1
158,//weibo.com/5384923067?refer_flag=1001030103_,,2023年04月19日 18:36,#人生感悟##生活启示录#婚恋感情，来自网络。“择偶是做乘法，对方的客观条件乘以对方愿意为你付出的主观意愿，等于你的获益。如果其中一项是零或负数，就算另一项再好，你也应该尽早结束这段关系” ​,转发,评论,赞
159,//weibo.com/3871533351?refer_flag=1001030103_,,2023-04-18 17:39 转赞人数超过10,【女孩对学术和高校没有兴趣，完全不必读博了，影响婚恋和生育】网友：教授您好，想请问您土木女硕士(本硕都是建筑老八校)去高校的意愿不大，但是老师很好也有平台课题组氛围也不错，有必要继续读博吗？#跨专业考研##2023考研复试#2023高考超话考研调剂超话​,2,14,13
160,//weibo.com/2264686261?refer_flag=1001030103_,,2023-04-18 15:52 转赞人数超过10,【婚恋观】——印女高嫁有两种模式，一种是是遵从父母的意愿，父母给力，找了富贵人家。一种是为了寻求保护，庇佑，找到厉害的年长的丈夫爱护自己，丈夫充当了印的角色。印女一旦在感情中吃情绪价值，基本就玩完，印做的保护壳被攻破了，生活失去安稳，为爱一地鸡毛。用印的 ​展开c,9,49,65
161,//weibo.com/7778627125?refer_flag=1001030103_,,2023年04月18日 14:18,为什么年轻人生育意愿低？因为当父母太难，子女养育教育方面要花大量的时间精力金钱，要操心子女的就业和婚恋（子女年龄大一点没结婚还会别周围的人质疑甚至冷嘲热讽），要给子女买房买车，要给子女带孩子。#专家说要尊重年轻人生育选择权##李稻葵说生育选择权要交给年轻人#​,转发,评论,赞
162,//weibo.com/1352202530?refer_flag=1001030103_,,2023年04月13日 19:19,父母反对的恋情就应该没有什么继续下去的必要了，毕竟到了最后父母还是要融进去。婚恋自由也要考虑父母的意愿。#父母反对的恋情还有谈下去的必要吗#​,转发,评论,赞
163,//weibo.com/1202276324?refer_flag=1001030103_,,2023年04月13日 07:28,比起生育意愿，为啥不关心一下大家的婚姻意愿呢？身边好多年轻人，有房有车有稳定工作，却找不到合适的对象，我观察了一下，他们很懒，懒得应酬，懒得操心，懒得处理一段关系，他们上班忙，回家还要打游戏，哪里来的时间婚恋生子，不是钱的事，是他们自由惯了。 ​,转发,评论,赞
164,//weibo.com/6893973663?refer_flag=1001030103_,,2023年04月10日 04:35,婚姻是一种受国家法律保护的以二人为基础的抗风险关系当法律显然不会也无法保护感情只能保护财产所以婚姻本质上是一种起源于对生育能力的占有的财产关系婚恋自由不过是给婚姻蒙上了一层合理化的爱情的外皮事实上完全基于双方意愿的缔约关系大可以脱离法律保护甚至可以依靠信托等方式绕过婚姻关系 ​展开c,1,评论,赞
165,//weibo.com/3048079171?refer_flag=1001030103_,,2023年04月03日 10:19,工作之后从未想过要为父母的意愿改变自己，特别是工作、婚恋这种事。希望父母也这样想。 ​,转发,3,赞
166,//weibo.com/2678207630?refer_flag=1001030103_,,2023-03-28 18:34 转赞人数超过200,#知名浙商去世儿子继母百亿夺权大战#说明一开始的筛选就有问题杀印筛选出来的都是付出意愿很强烈，财富收入很高的七杀，没有付出意愿的，会很快被踢开。杀印的婚恋，本质上是一笔交易。交往一段时间，对方如果运势下降，没有油水可以榨，都会很快被换掉。筛选永远是第一步，其实这是孙子兵法 ​展开c,43,43,330
167,//weibo.com/6540363375?refer_flag=1001030103_,,2023年03月28日 16:08,什么是二次伤害呢？小时候，我乖巧懂事，敏感察觉家里的情绪变化，牺牲自己的意愿和情绪；长大后，他们说小时候太乖的孩子长大了都没有主见，在工作和婚恋上都会有问题，于是我过往的经历，没有得到过表扬，反而一夕便被否定。 ​,转发,2,1
168,//weibo.com/6124583501?refer_flag=1001030103_,,2023年03月22日 11:50,1. 一段健康的婚恋关系，需要两个都想要健康婚恋的人，才可以经营。最大的技巧，是『两个人都想谈，都想解决问题（双向奔赴）』2. 每个人都有自己的『课题』。实际上，没有一个人，能帮另一个人解决他的课题。最终还是，首先自己有『意愿』，去解决这个课题，然后才有可能真正解决掉。否则的话，这个 ​展开c,转发,评论,1
169,//weibo.com/6720883732?refer_flag=1001030103_,,2023年03月11日 18:44,我真是服了这个心理问卷，问什么婚恋观和生育观，填了没有意愿生育还问我如果一定要生要生什么唉不知道我的填法会不会被辅导员叫去谈话​,转发,评论,3
170,//weibo.com/1678213723?refer_flag=1001030103_,,2023年03月01日 01:41,为什么男性hr始终不明白，上海职业女性婚恋意愿很低，是一件很普遍现象。昨天面的国企外包新媒体，反复问我是不是真的没男朋友。我他妈好烦呀。 ​,转发,评论,1
171,//weibo.com/7530015119?refer_flag=1001030103_,,2023年02月25日 13:26,婚恋掺进父母意愿就觉得恐怖 ​,转发,评论,赞
172,//weibo.com/6354549841?refer_flag=1001030103_,,2023年02月24日 16:52,超级无敌小学生超话#为什么大龄未婚青年越来越多#说个绝对真实的，坐标是上海，两个活生生的样本（不得不感慨上海对女性的“友好”果然名不虚传）样本A：29岁，长相普通，性格好，从大学毕业就到上海工作直到现在，目前月薪2w，省去吃喝玩乐住每个月只能存几千，目前存款10w+。婚恋意愿不高、 ​展开c,转发,评论,赞
173,//weibo.com/7773428955?refer_flag=1001030103_,,2023-02-19 20:50 转赞人数超过50,#四川凉山制止528起10万以上彩礼#一个热搜诈出了大家的真实婚恋意愿。原来女宝们还是想结婚的🙈 ​,8,11,79
174,//weibo.com/7610209355?refer_flag=1001030103_,,2023年02月17日 10:41,#近三成农村青年无生育意愿#在农村以前计划生育的时候，大家都会偷偷的生孩子，哪怕是面临着巨额的罚款，依然挡不住他们生孩子的意愿，有的家庭呢，想要生一个男孩，如果头几胎不是男孩，就会拼命地生好几胎，直到生到一个男孩为止。生不了男孩的家庭，最后也都会认命了，但也已经生了四五个女孩了，而 ​展开c,转发,评论,赞
175,//weibo.com/3176105483?refer_flag=1001030103_,,2023年02月17日 09:04,@墨說財經#近三成农村青年无生育意愿#农村的光棍越来越多，他们能找誰传宗接代？刚才和老家的人通电话，在我们老家那个四五线城市，说现在没有五六十万根本不敢讨老婆，没有房子的话，女的不会嫁。首先要买套房子，在老家交个首付、装修可能要三十多万，在加上彩礼起码要二十万。这样一来，还真的 ​展开c,转发,评论,赞
176,//weibo.com/1730375707?refer_flag=1001030103_,,2023-02-17 01:28 转赞人数超过10,#农村婚恋现状不容乐观##近三成农村青年无生育意愿##单身社会来临了吗#今天看到的三个话题，加上工作群里一姐姐发的图👇笑劈叉了。 ​,1,7,17
177,//weibo.com/6071860465?refer_flag=1001030103_,,2023年02月16日 20:41,#农村婚恋现状不容乐观#现在生活压力越来越大了，结婚成本越来越高，对于青年小伙来说结婚是个大难题，#近三成农村青年无生育意愿#但是晚婚又不好， 又不敢晚婚，国家也提倡多生育，现在真是进退两难L泼墨画锦衣的微博视频​,3,86,117
178,//weibo.com/1409270504?refer_flag=1001030103_,,2023年02月16日 19:43,调查农村夫妇和育龄人口的生育意愿，不能说毫无价值，但总让人觉得有些怪异：为什么不调查一下农村青年的婚恋状况，就越过作为生育前提的婚恋程序，直接奔着生育意愿去了？现在农村男青年找不到对象、想婚而不得婚才是一个大问题。不正视问题，故意回避问题，那调查生育意愿岂不是缘木求鱼，至少是有些 ​展开c,1,1,3
179,//weibo.com/6168852489?refer_flag=1001030103_,,2023年02月16日 15:05,#广东一男子朝女子泼硫酸连捅数刀#所以呢，与其动员女性少收彩礼，动员大家早婚多育，不如想办法把这种畜生灭绝。虽然大多数男性可能都是好的，但只要多几个这样的畜生，全体女性的安全感和婚恋意愿都会严重受到打击。 ​,转发,评论,赞
180,//weibo.com/1297643531?refer_flag=1001030103_,,2023-02-15 08:00 转赞人数超过30,老夫少妻老妻少夫夫妻同庚相差無幾其實找什麼樣的夫妻都是命裡安排好的，年齡大還是年齡小，是年齡相當還是相差懸殊，都在命裡有所顯示，只是人們選擇了不信而已。人們都在按照自己的意願和認知以及風俗，來界定自己的和別人的婚戀觀。 ​,3,14,36
181,//weibo.com/6426154944?refer_flag=1001030103_,,2023年02月14日 13:59,没必要因为普而自卑。世界就是由普男普女组成的，普也有春天。在婚恋这件事上，任何圈层的男的，把自己收拾干净点，有付出意愿，就能找到够得着区间里还不错的老婆。任何圈层的女的，把自己捯饬一下，性格好有宜人性，就能找到够得着区间里还不错的老公。不怕普，就怕普且信，男女都怕。。。换 ​展开c,转发,3,11
182,//weibo.com/1687227092?refer_flag=1001030103_,,2023年02月12日 02:24,当代年轻人婚恋生育意愿之问题会与日俱增，人们普遍对阶层有着向上流动的向往和向下跌落的恐惧，种种经济要求反映的是尽力控制不确定因素 ​,转发,评论,赞
183,//weibo.com/7398821878?refer_flag=1001030103_,,2023年02月10日 13:58,几个无婚恋意愿的朋友混乱聊天因为聊到同龄人的schedule 里已经将婚育提上议程而引发一系列对话1⃣️A转述A妈对B的担忧我妈觉得你找不到对象她觉得你不会找到比你爸对你更好的男性了狠狠赞同2⃣️AB一起怂恿我去恋爱结婚并承诺“你结婚我给你包5000块红包”谢谢厚爱！感天动地可否直接 ​展开c,转发,评论,赞
184,//weibo.com/5666668204?refer_flag=1001030103_,,2023年02月02日 12:44,#至少四地取消生育结婚限制#感觉这个政策好坏都能撑半边天但在生育成本、教育成本、婚恋观没有改变的情况下，生育意愿也不见得会有多大提升吧反而这个政策会纵容没有责任感、下头的父母留下一些错乱的孩子在我看来结婚只是个形式，但目前他的道德约束力还是在的感觉这个政策正确又对于大多数地 ​展开c,转发,评论,5
185,//weibo.com/5746419074?refer_flag=1001030103_,,2023年01月30日 10:35,#一起来投票#今天刷到一个视频博主说杨迪分手这事儿，提到了“女人的青春更宝贵”这个观点。我产生了一些新的思考。我原本向来是对耗费女人青春这种说法比较嗤之以鼻的，但是考虑到主流婚恋市场还是要婚育（因为我本人婚育意愿很淡，单说谈恋爱的话年龄好像确实不受很大的影响），谈到生小孩的话女 ​展开c,转发,1,20
186,//weibo.com/1497210767?refer_flag=1001030103_,,2023年01月29日 21:36,从总体形势看来，从婚恋到生育意愿下降的是女性，但是国家发展需要的维持生育率和人口结构靠的主要还是女性的生育意愿从这个角度讲，其实绝大多数女性根本不需要花时间去了解男性到底想要什么，早就到了男性为了中华文明的发展要多多认真学习女性的心理和需求的时代了～～,转发,11,赞
187,//weibo.com/2627520910?refer_flag=1001030103_,,2023年01月28日 23:33,寒假回老家充分考察了县城的婚恋市场后，结婚意愿达到顶峰2株洲·头铺村​,转发,4,1
188,//weibo.com/2262419252?refer_flag=1001030103_,,2023年01月18日 18:10,昨天也跟朋友聊起婚恋问题，我们都没有那个意愿，家里也都有催。我朋友表示之后自己整间姑婆屋算了，其实吧过了三十岁就行。哈哈，醍醐灌顶！ ​,转发,评论,赞
189,//weibo.com/7716948265?refer_flag=1001030103_,,2023年01月15日 16:49,社研的老师上了热搜 没仔细看朋友圈给出的具体解释 因为还没看原文所以没有什么评价 但是上次那个app用户婚恋意愿调查ta们也被骂了 总之感觉遇到这种事情还是先看一手资料 不要吵架…… ​,1,评论,赞
190,//weibo.com/1323527941?refer_flag=1001030103_,,2023年01月12日 20:23,【济南：#打通服务单身青年婚恋需求最后一公里#， 提振生育意愿】日前，济南印发《济南市优化生育政策促进人口长期均衡发展实施方案》。其中提出，加强婚恋指导服务。利用 “青春济南”青年服务综合云平台，持续打造阵地有形化、服务常态化线上线下并重的 “团缘”青年社交服务品牌，切实拓宽青年交流 ​展开c,25,46,395
191,//weibo.com/1191965271?refer_flag=1001030103_,,2023年01月12日 09:15,【济南：#打通服务单身青年婚恋需求最后一公里#，提振生育意愿】据济南市人民政府发布，日前，济南印发《济南市优化生育政策促进人口长期均衡发展实施方案》。其中提出，将加强婚恋指导服务。利用 “青春济南”青年服务综合云平台，持续打造阵地有形化、服务常态化线上线下并重的 “团缘”青年社交服 ​展开c,42,97,1534
192,//weibo.com/1737949825?refer_flag=1001030103_,,2023年01月11日 16:00,喜欢的人和愿意认识，双方都要有意愿满意的才会有故事结局#婚恋 #情感 #单身2南平L婚恋共青网的微博视频​,转发,评论,赞
193,//weibo.com/7296259464?refer_flag=1001030103_,,2023年01月11日 09:50,米虫之超话济南：打通服务单身青年婚恋需求最后一公里， 提振生育意愿 ​,转发,评论,赞
194,//weibo.com/3269016353?refer_flag=1001030103_,,2023年01月08日 16:43,关于生育，是不是首先应该在婚恋市场上把有生育能力和生育意愿的和没有能力和意愿的分开，然后再进行匹配？防止错配。但我很矫情的一点是，虽然自己不想生，但是找对象时如果男性直接说不想要孩子，我还会反感，觉得对方没有责任感。一定要是对方原本想要，但为了你可以不要才行​,转发,10,5
195,//weibo.com/5855635000?refer_flag=1001030103_,,2022年11月18日 15:56,相亲角是我最讨厌的地方，希望把互联网上热衷于相亲和当红娘的都拖去相亲角关起来。这群人整天喜欢用择偶视角审判全人类，有没有可能婚恋只是一个人身上极其微小可有可无的一部分，人家并没有想和你结婚的任何意愿。相亲脑怎么不算一种脑癌😅 ​,转发,2,赞
196,//weibo.com/5230591180?refer_flag=1001030103_,,2022年11月16日 22:46,婚恋保守化所带来的社会痛感，很多年轻人结婚意愿低，除了大环境的卷，还有个原因就是政治正确变成一个不可逾越的鸿沟，这在某种程度上压抑了人性，让年轻人不敢选择自己心动的，而要选择正确的。 ​,转发,1,赞
197,//weibo.com/7018195615?refer_flag=1001030103_,,2022年10月27日 16:56,在择偶方面，我偏好在爱情上有魄力的男性。他们即使冒着做不成朋友的风险，也会对心仪的人直接表达想要恋爱的意愿。这样的男人有自信心和行动力，做事果断而不拖泥带水，更容易建立明快的婚恋关系。 ​,6,3,48
198,//weibo.com/2530531064?refer_flag=1001030103_,,2022年09月25日 22:31,我们都仿佛婚恋市场上待价而沽的小丑，没有个人意愿而先各自评估，各自衡量，各自定义，然后定合适与否。 ​,转发,评论,赞
199,//weibo.com/3533195347?refer_flag=1001030103_,,2022年09月22日 02:56,当午餐话题谈到婚恋开始对比生育成本以及男性的付出意愿✖️能力后，普通女孩们对婚姻望而却步。没有三百分的爱情上头或是自暴自弃的心态，大概是很难进入婚姻爱情太稀缺，不过对女孩们年龄增长的贬低以及不停催婚的环境有助于大家进入自暴自弃状态 ​,转发,评论,赞
200,//weibo.com/7361301474?refer_flag=1001030103_,,2022年09月17日 02:37,我现在也差不多到了要相亲的年纪啊然后我明白了一件事就是：相亲市场上之所以会造成一种“优秀的女性非常多且不吃香”的错觉实质上是很多优秀的女性，被动地，不具备主动意愿地，被一些怀着好意或是恶意的人当成了婚恋“市场资源”。而那些流入到相亲市场的男性，绝大部分自己有比较大的婚恋意愿 ​展开c,转发,1,1
201,//weibo.com/5576477117?refer_flag=1001030103_,,2022年09月14日 15:23,行业女性现状婚恋意愿情况也成为谈判的筹码凭什么 ​,转发,2,1
202,//weibo.com/1899950161?refer_flag=1001030103_,,2022年09月06日 22:10,【#大学生未来结婚意愿高于预期#】大学生作为青年群体的中坚力量，是未来十年内婚育行为的核心主体，其婚恋态度也引起全社会的广泛关注。今年，中国青年报·中青校媒对中国大学生婚育观进行了相关调查。结果显示，近六成大学生希望在26-30岁时走入婚姻殿堂。那么，大学生婚育观具体发生了哪些变化呢？（ ​展开c,2,7,1
203,//weibo.com/7162054634?refer_flag=1001030103_,,2022年09月05日 18:32,【资本对女性捧杀扭曲了当代青年婚恋观】#大学生未来结婚意愿高于预期#都说男多女少，为啥还有这么多剩女？？？中国1亿多单身女性，为啥找不到男朋友？视频来源：UC 璐透社onlineL僅琰的微博视频​,7,29,20
204,//weibo.com/2311808977?refer_flag=1001030103_,,2022年09月05日 11:42,#大学生未来结婚意愿高于预期#建议调查下已毕业大学生的婚恋观​,转发,评论,赞
205,//weibo.com/6445500921?refer_flag=1001030103_,,2022年09月05日 10:21,#大学生未来结婚意愿高于预期#每一代人有每一代人的婚恋观，对于当代年轻人婚恋观的变化，社会应该选择给予充分的包容与理解。他们婚恋观中的很多内容恰恰反映了时代发展和社会进步的一方面。 ​,转发,24,32
206,//weibo.com/1263692934?refer_flag=1001030103_,,2022年09月05日 09:34,#当代大学生的婚恋观##大学生未来结婚意愿高于预期#@中国青年报近日发布的一项面向全国各地大学生的调查结果显示，57.90%受访大学生希望在26-30岁时走入婚姻殿堂，25.97%则表示在法定年龄以上，任何年龄都可以。真心相爱（95.32%）与经济考量（85.97%）为受访者考虑是否结婚的主要因素。,2000,评论,132456
207,//weibo.com/2377587254?refer_flag=1001030103_,,2022年09月05日 09:32,【#当代大学生的婚恋观#：#大学生未来结婚意愿高于预期#】《中国青年报》近日发布的一项面向全国各地大学生的调查结果显示，57.90%受访大学生希望在26-30岁时走入婚姻殿堂，25.97%则表示在法定年龄以上，任何年龄都可以。真心相爱（95.32%）与经济考量（85.97%）为受访者考虑是否结婚的主要因素 ​展开c,转发,评论,3
208,//weibo.com/7488612791?refer_flag=1001030103_,,2022年08月30日 11:54,李导其实说的没有错，只是陈述了一个事实罢，女性就是在婚恋市场上有优势的，女性只要有婚嫁的意愿，是一定能结婚的，然而这里有个前提，是部分女性愿意一再降低择偶标准，所以没有嫁不出去的女人，即便是身体有一些障碍的女性。但是反之，婚恋市场上被剩下的男性，绝大部分是真的被剩下，并没有降低择 ​展开c,转发,评论,赞
209,//weibo.com/5249306689?refer_flag=1001030103_,,2022年08月29日 16:01,#男子在相亲网站当托打造多种人设#【真诚发问：花一万二和“男明星”相亲是什么体验？】很多人对杀猪盘的名字已经不陌生了，但你听说过“相亲杀猪盘”吗？操刀的，多是我们熟知的“婚恋网站”。瞄准的，是有结婚意愿、在婚恋网站上注册，期待得到一段好姻缘的女孩们。#部分婚恋网站设置相亲杀猪盘#​展开c,转发,评论,赞
210,//weibo.com/3537571395?refer_flag=1001030103_,,2022年08月19日 12:33,第一次认识当归是那期关于和妈妈一起聊婚恋观，当归说30岁了就是不想结婚，妈妈也很赞同全然尊重当归的意愿。到现在当归遇见合适的人走入婚姻即将迎接新的生命，突然感觉到人世间的一切都是未知且不可预料，在未来来临之前我们能做的就是保持自我，享受生活。,4727,评论,30100
211,//weibo.com/1760796244?refer_flag=1001030103_,,2022年08月16日 09:01,笑死，别说生育了，婚恋意愿都要没有了//@--腐兔兔兔兔酱--:那还买房子生孩子干啥，自己花光吃完不开心吗？//@龍宮輝夜:专家的子子孙孙听了连夜上吊回炉重新投胎不做人了 //@霂Afrit://@果子狸爬大树:还有啥新招？//@神犬嘣叽:看标题就够离谱了，看了内文才发现什么叫更离谱.......,2773,评论,21138
212,//weibo.com/5779135590?refer_flag=1001030103_,,2022年08月14日 22:52,我想说，正常普男都应该去健身，当然不是为了我自己饱眼福，是为了造福社会造福人类，提高女性婚恋意愿​,1,评论,1
213,//weibo.com/1782333225?refer_flag=1001030103_,,2022年08月07日 21:37,对了，今天还刷到了一条说要强制婚检然后婚检报告要给丈夫看的男的，他说这样就知道哪些是“好女人”然后男的婚恋意愿才会高…这种言论底下居然还有附和的都不想想，制定“不强制婚检”的领导大部分可都是男的呢，你猜他们为什么不支持强制婚检然后报告双方互看呢​,转发,1,赞
214,//weibo.com/1939716980?refer_flag=1001030103_,,2022年08月05日 17:59,我们也要谈恋爱”！近期，东北的老年相亲节目火出了圈。从公园相亲角到综艺相亲节目，这届老年人潮起来连90后都跟不上。为什么现在老年人的婚恋市场这么吃香了？据统计，中国60岁以上的老年人当中，无配偶的占35%，有再婚意愿的占37.6%。而这些退休老年人的条件一点都不逊于年轻小伙子，他们有 ​展开c,转发,评论,赞
215,//weibo.com/2690029171?refer_flag=1001030103_,,2022年07月18日 12:14,中产—教育选拔—良好的教育—婚恋生育意愿下降—旧中产数量缩减—新中产—教育选拔—良好教育—婚恋生育意愿下降—新中产数量缩减—新新中产—。我就很好奇，这明显优汰劣剩的社会选择结果，该谁来为环境压力负责？我如果是游戏玩家，雅利安人种政策倒不至于，也会担心游戏里劳动力劣化吧，体力退步 ​展开c,转发,5,赞
216,//weibo.com/1697739565?refer_flag=1001030103_,,2022年07月15日 07:26,看到亲子鉴定机构出的报告里亲生率只有80%也不用奇怪，毕竟正常情况谁没事去做亲子鉴定啊（）大概就像是过去有篇论文说年轻人结婚意愿没有降低，看了下数据来源是某婚恋网站在自己主页上设置的问卷，就是说没意愿的谁没事上婚恋网站。。。这种数据反馈的效度本身就不高，看看就好、 ​,1,10,126
217,//weibo.com/6984329683?refer_flag=1001030103_,,2022年07月11日 19:13,#55岁研究生大妈网恋被骗35万#警惕此类新闻标题，疑似将恶劣社会事件娱乐化，利用“研究生”博眼球阻碍我国人民学习意愿，警惕美方渗透，试图愚化我国国民。同时割裂女性群体，严重阻碍大龄女性群体恋爱婚恋意愿，不利于我国三胎政策和人口发展，我国形势迫在眉睫 ​,转发,1,赞
218,//weibo.com/2161175684?refer_flag=1001030103_,,2022年07月05日 22:55,群9宫（月9，火天合9）的我本人一直不太喜欢讨论感情婚恋纠纷和家长里短，觉得没有建设性，就随便说几句哈。我赞同每个人在遵守社会规则的情况下尽量按自己的真实意愿生活。一直说嘛，第7宫婚姻合作宫跟第5宫爱情娱乐宫没有半毛钱关系，婚姻关系实际就是两个人资源互补合作育儿的合伙关系。能维持下 ​展开c,9,6,26
219,//weibo.com/6140703203?refer_flag=1001030103_,,2022年06月28日 11:04,#识别石剪布##情感#一些女孩子都没搞清楚重点一个男的哪怕是石头，不喜欢她，不愿意对她出石出亲投也是没有价值的，花太多功夫研究男人自己的人性没打通，婚恋上的努力是无效的男人爱不爱一个女人，是意愿问题不是能力问题 ​,转发,评论,3
220,//weibo.com/7018195615?refer_flag=1001030103_,,2022年06月25日 20:03,感觉很多讲情感理论的人都在维护一种传统秩序，理想的表现形式是：女性年轻，漂亮，以迎合男性或社会的标准来展现结婚和生育的意愿，而男性为了让对方和自己进入稳定的婚恋关系，在行动和金钱上给予足够的付出来买单。虽然这种叙事看上去好像不坏，但拿着这种只强调利益交换，而忽略个人情感和偏好的 ​展开c,1,1,12
221,//weibo.com/1769641273?refer_flag=1001030103_,,2022年05月20日 23:04,随着中国社会的不断发展，特别是城市化水平的不断加深，中国青年男女的婚姻恋爱问题逐渐成为一个不可回避的社会问题。这个问题具体表现就是男女青年找对象越来越难，结婚越来越晚，生育时间越来越晚，生育意愿越来越低。当下的疫情，又给本来就困难的婚恋男女找对象问题增加了一些困难，有雪上加霜之感 ​展开c,转发,评论,赞
222,//weibo.com/1225314032?refer_flag=1001030103_,,2022年05月20日 12:52,#妈妈算是一份职业吗#随着三胎生育放开，舆论场及文艺作品中有关养育焦虑、女性价值的讨论层出不穷有调查显示虽然在婚恋议题上依然心态积极，但青年女性的生育意愿却在逐年下降，她们更倾向在职场有所突破；与之对比的是，中国年轻父母全职在家比例同样呈上行趋势，其中95后全职妈妈占比更超过8 ​展开c,123,14,149
223,//weibo.com/3696750677?refer_flag=1001030103_,,2022年05月19日 09:33,我记得有人做过抽样调查统计，受教育程度越高，婚恋意愿越低。//@BeautyGangsters:性教育❌ 婚恋教育✅,3738,评论,375476
224,//weibo.com/3810601439?refer_flag=1001030103_,,2022年05月18日 22:06,#初婚平均年龄普遍推迟#如今的年轻人，由于受教育程度普遍较高，因此无论在经济还是思想上也都更加独立，许多年轻人忙于学业和事业，注重于个人的提升，也因此导致了婚恋意愿下降。而在当今社会，如果想要正式踏入婚姻，经济基础无疑是很多人着重考虑的因素之一。最好我想说激情和浪漫会随着时间而 ​展开c,11,15,97
225,//weibo.com/7166479664?refer_flag=1001030103_,,2022年05月18日 14:01,#建议将婚恋教育纳入中高等院校教育体系#🙄谁不知道受教育程度越高婚育意愿越低啊，还不是因为婚育没啥好处 ​,转发,评论,2
226,//weibo.com/1619059267?refer_flag=1001030103_,,2022年05月18日 10:21,#建议将婚恋教育纳入中高等院校教育体系#既然如专家提到的婚姻已经从人生的“必选项”成为了“可选项”，那树立所谓的“正确”婚恋观也应该是人生选修课而不是必修课。对于有婚育意愿与无婚育意愿的人来说，何谓“正确”完全没有统一标准，结婚与不结婚是不同人群规划自己人生并期待收获幸福与快乐 ​展开c,转发,2,7
227,//weibo.com/5787328892?refer_flag=1001030103_,,2022年05月11日 01:14,再一次验证，婚恋领域付出意愿和对象的优质程度成正比，尤其对于男性来说。某人找的老婆怎么说呢，面相敦厚，肤色黑身量大，颜值比他低一分。这也是源于在付出上斤斤计较吧，只好颜值下择，匹配不到真正的优质女。每个人晒出来的部分总归是美好甜蜜的，但是水面下的冰山主体蕴含着大量的博弈和衡量 ​展开c,转发,评论,赞
228,//weibo.com/1412800562?refer_flag=1001030103_,,2022年05月02日 21:00,虎扑婚恋意愿确实高哈//@--Miah--:这算盘响得我在北京都听到了//@夜晓椿:多逛逛虎扑知乎，多看看皮肤性病学的书，还能想着和男的谈恋爱的，都是圣人。,7357,评论,190952
229,//weibo.com/5738258087?refer_flag=1001030103_,,2022年05月01日 22:32,@中年不知愁:很好。/@蒋胜男:图三说的很明白，供以后类似案件参考：不顾当事人意愿持续进行纠缠，不是情感和婚恋纠葛，而是寻衅滋事。不是轻判理由，而是重判理由,转发,评论,赞
230,//weibo.com/1939047042?refer_flag=1001030103_,,2022年05月01日 18:53,法院带头推波助澜降低民众婚恋生育意愿 其心可诛！//@碎碎九十三:不需要，你只要跟她说一句话，因为你可以说我在追她//@蜜蜡9497:想杀一个人，跟他谈恋爱，杀掉，自首就可可以不用死刑哦 望周知,转发,评论,赞
231,//weibo.com/5622662650?refer_flag=1001030103_,,2022年04月29日 10:06,可以看出来现在年轻人婚恋意愿不高了每天几个“xxx多甜”“xxx多好”“xxx多羡慕”​,转发,2,1
232,//weibo.com/1269788133?refer_flag=1001030103_,,2022年04月26日 12:53,女孩子婚恋意愿低，就怪纸片人怪APP怪一切，就是不怪婚姻法和劳动法的如同虚设​,转发,评论,3
233,//weibo.com/6036297165?refer_flag=1001030103_,,2022年04月25日 23:37,本来心情不太好看了rs上婚恋意愿与app的关联那条笑死。 ​,转发,评论,赞
234,//weibo.com/6848540118?refer_flag=1001030103_,,2022年04月23日 00:44,这个世界撕裂的一大原因，就是总有人想要按头别人照着自己的意愿活。拿婚恋来说，让想谈恋爱的谈恋爱，让不想谈恋爱的一个人自由自在；结婚同理。让想生孩子的生孩子，不想生的别生；想生几个的同理，除非有人自己生了好几个养不起又喊着要社会救助，那活该被骂，也不值得被帮助。由此，大概世界可以更 ​展开c,转发,评论,赞
235,//weibo.com/7693812061?refer_flag=1001030103_,,2022年04月20日 12:57,上一次如此无语还是某论文说乙女游戏男主太完美影响婚恋意愿//@刀卜卜:哈哈哈哈哈哈//@咖喱咖喱Curry咖喱:虎扑真是看一眼终身不婚//@晓诺OVO:虎扑的使用提升生育意愿，提升谁的？,转发,评论,赞
236,//weibo.com/6256149094?refer_flag=1001030103_,,2022年04月18日 10:31,婚恋意向就算了。。。生育意愿。。跟男的关系大吗。。。 ​,1,评论,赞
237,//weibo.com/5865804282?refer_flag=1001030103_,,2022年04月15日 01:00,天上公务生活事业部：为各界单身精英人士打造的精准婚恋平台，可按意愿帮您全球范围搜寻牵线，定期举办相亲主题的包机旅行和内部舞会，并承接全程婚礼订制服务，国内大陆分设六地可报名审核组织活动，一次入会、六地任选。 ​,转发,评论,赞
238,//weibo.com/1293980032?refer_flag=1001030103_,,2022年03月30日 08:02,#妈妈让大三女儿请假离校相亲不去别回家#自由恋爱的时代，希望家长们不要以任何理由和手段给子女来包办婚姻！家长们可以监督子女婚恋误入歧途，但不要把自己的意愿强加在子女身上。 ​,58,84,102
239,//weibo.com/1496916211?refer_flag=1001030103_,,2022年03月28日 18:21,2021年10月，共青团中央中国特色社会主义理论体系研究中心课题组发表调查报告《青年婚恋意愿调查：面对婚姻，年轻人在忧虑什么？》，列出了年轻人在婚姻殿堂前徘徊的几大原因：一是基于个体主义价值观，部分青年过于重视对个人价值感的追求；二是基于互联网碎片化认知，部分青年对婚恋产生灾难化思维； ​展开c,11,9,6
240,//weibo.com/5209833459?refer_flag=1001030103_,,2022年03月18日 16:01,天呐…遇到社牛了…旁边男女乘客各一位开始彼此聊起来了职业规划和择偶婚姻。（包括自己的和他们身边朋友的…）我：这个是可以跟陌生人说的吗。太能聊了已经叭叭叭大半个小时没停嘴了。被迫了解了男乘客的法考备考历程、CPA历程、年龄、婚姻、孩子、二胎意愿。被迫了解了女乘客的男朋友、朋友婚恋、 ​展开c,转发,2,赞
241,//weibo.com/7743432998?refer_flag=1001030103_,,2022年03月17日 21:30,年轻人越来越不愿结婚了，尤其是女生。2021年10月8日，《光明日报》刊载了一篇《面对婚姻，年轻人在忧虑什么——青年婚恋意愿调查》的文章，某课题组针对2905名18～26岁的未婚城市青年进行了调研。调研发现，作为未来10年结婚的主力军，“Z世代”（指1995—2009年间出生的一代人，也被称为“互联网 ​展开c,转发,评论,1
242,//weibo.com/5866381401?refer_flag=1001030103_,,2022年03月16日 12:46,#两会声音#【减轻新手爸妈负担，民主党派组织和成员有话说】根据《中国生育成本报告2022版》分析，生育成本过高，是影响育龄家庭生育意愿的最重要负面因素之一。暂不论孩子抚育过程中的教育、医疗、未来婚恋等可预见的大额支出，仅生育、学龄前儿童的抚育带来的职场影响、经济压力，都成为不少夫妻难 ​展开c,转发,评论,1
243,//weibo.com/2259880587?refer_flag=1001030103_,,2022年03月09日 10:16,【你还单身？别急，代表委员们正帮你想办法！】近年来，不少年轻人初婚年龄延迟，婚育意愿下降，交友难，不愿结，不敢结……年轻人的婚恋问题已成为社会关注的焦点。近期，不少全国人大代表和政协委员纷纷呼吁关注单身青年婚恋问题，解决青年人的婚恋难题。O你还单身？别急，代表委员们正帮你想办法！​,转发,评论,1
244,//weibo.com/3731250620?refer_flag=1001030103_,,2022年03月08日 13:46,男女平等是男性真正的从内心尊重女性尊重妇女权利，尊重女性生育和婚恋意愿不是说男生发多大红包就能代表的 ​,转发,评论,2
245,//weibo.com/1723470061?refer_flag=1001030103_,,2022年03月06日 20:31,#建议在各级工会设置婚恋委员解决单身问题#单身不是问题，是意愿​,转发,评论,2
246,//weibo.com/2425918002?refer_flag=1001030103_,,2022年03月06日 20:05,#如何提高三孩生育意愿#想什么呢？一不会爬，二不是走，就想跑？还是想想怎么解决婚恋和一孩吧 ​,转发,评论,赞
247,//weibo.com/6070381750?refer_flag=1001030103_,,2022年03月06日 19:46,#如何提高三孩生育意愿#点开热搜唯一感想：只有婚恋意愿强烈生育功能正常的顺直才配当中华人民共和国公民 ​,转发,评论,赞
248,//weibo.com/2988981615?refer_flag=1001030103_,,2022年03月03日 21:28,【明日运程】2022年3月4日（壬寅年壬寅月丙辰日）甲木日主：经过痛苦和耐心的等待，实现了长期以来心中祈求的意愿，利于婚恋，利于缓和矛盾、化敌为友。乙木日主：吾日三省吾身，及时反省自己的行为，总结自己经历，积累经验，改掉缺点，发扬优点。丙火日主：受约束，一时走不开，有事情需要处理 ​展开c,转发,评论,2
249,//weibo.com/6426732042?refer_flag=1001030103_,,2022年02月23日 12:30,#姐弟恋会成为未来趋势吗#2020年，“男小女大”的婚姻占比40.13%。根据国家卫健委1月20日发布的数据显示：#20到34岁女性年均减少340万#，2021年相比2020年减少了473万。此外，男女婚恋观念的转变。生育、养育、教育成本较高，导致生育意愿降低，进而对于婚姻的需求也随之降低。​,转发,评论,2
250,//weibo.com/1753021103?refer_flag=1001030103_,,2022年02月19日 15:52,为什么结婚率呈现逐年下降的趋势？一方面是人口老龄化加重，年轻人减少，适合结婚的年龄段人口整体减少，进而导致结婚率降低。国家卫健委最新发布的数据显示，20-34岁女性年均减少340万，2021年相比2020年减少了473万。另一方面，适龄男女婚恋观念转变。生育、养育、教育成本较高，导致生育意愿降低， ​展开c,转发,评论,4
251,//weibo.com/5253227151?refer_flag=1001030103_,,2022年02月14日 13:57,以下言论只代表我自己并没有含沙射影任何人的意愿有感而发 关于婚恋 我只想说《关你屁事 关我屁事 管好自己》 ​,转发,3,赞
252,//weibo.com/5722878530?refer_flag=1001030103_,,2022年02月10日 17:15,紫微斗数超话夫妻宫属福三方，婚恋与福德水平直接挂钩。有些人会问婚恋运如何。有些人会问今年找不找得到对象，我什么时候能找到对象。细品区别若有婚恋意愿，就要在合适的时机下，主动释放讯号，主动选择。也不要忘记最重要的是修正好自身的感情心念：敏感的人可以选择让自己更有 ​展开c,1,2,7
253,//weibo.com/7085607473?refer_flag=1001030103_,,2022年02月10日 14:45,#今日三分甜#2022.2.10过年无聊一直泡在生活组里刷来刷去 看了很多人分享的帖子 突然觉得我爸妈支持我现行的婚恋观 结不结婚生不生孩子都随我自己的意愿 已经胜过太多太多太多人了 人还是应该知足常乐 身体健康是一切大前提我好了世界才会好 我不好世界再好也与我无关 希望每个女孩子都可以把自 ​展开c,转发,评论,赞
254,//weibo.com/1238743250?refer_flag=1001030103_,,2022年02月10日 09:57,这是逼人洁身自好啊，本来婚恋意愿就低，现在妥了，直接干到零，完美。,转发,评论,赞
255,//weibo.com/2034131801?refer_flag=1001030103_,,2022年02月07日 14:59,人家家人没要求 本人自己也没表达这方面的意愿 媒体一天天脑子里除了婚恋就装不下别的东西了吗,转发,评论,赞
256,//weibo.com/1370565452?refer_flag=1001030103_,,2022年02月06日 16:35,徐州8孩铁链女事件之后，几天时间我删除了多位本来关系不错的男性友人。所以针对女性的恶性事件，伤害的不仅仅是女性，更是两性关系。希望更多的男性认识到这一点，不要置身事外，觉得与己无关，高高挂起。你身边的每一位女性都能感受到你的态度。在婚恋意愿和生育意愿已经持续下降至冰点的时期，这样 ​展开c,7,7,142
257,//weibo.com/1978814445?refer_flag=1001030103_,,2022年01月29日 20:56,推荐洛阳小流氓的豆瓣动态：这事，还要继续添柴烧火。中国八十年代以来的妇女拐卖。起源非常错杂，有改开以来城乡迁移的结构性恶疾，也有计划生育失效和女婴非正常死亡造成的性别失衡，但农村男性较低的婚恋竞争力，女性不下嫁的传统，就让普婚习俗和繁衍意愿制造出了…(来自@豆瓣A…  ​展开c,1,评论,赞
258,//weibo.com/5881835180?refer_flag=1001030103_,,2022年01月22日 10:17,这些♂的也是蛮蠢，把这些有和他们有婚恋意愿的都得罪完骂走了，他们配偶选择不就只有另一个人类低素质♂吗？殊途同归啊,转发,评论,赞
259,//weibo.com/6874233868?refer_flag=1001030103_,,2022年01月06日 00:48,只有听这首歌时是依远子婚恋意愿高涨的时刻 呜呜 真好听啊​,转发,评论,赞
260,//weibo.com/1379095602?refer_flag=1001030103_,,2021年12月28日 20:55,✦ 两个人幸福的意义在于彼此都深深的愿意把“对方这个真实的人”，看的比“对错”、“原则”、“逻辑”更为重要。婚恋是“与人合作”的过程，需要两个人都有意愿为彼此的心智成长、身心健康、幸福体验而努力，尊重彼此独立人格的存在，关注、关心、有爱的能力的善待，真诚交互。我和飞飞 也常经历 ​展开c,1,评论,赞
261,//weibo.com/2992050891?refer_flag=1001030103_,,2021年12月08日 11:29,【老年人婚恋观不尽相同 情感需求易被忽略】#我国80%丧偶老人有再婚意愿再牵手须审慎对待#中老年相亲节目迅速火爆全网，看似偶然实则有着时代的必然性。根据第七次全国人口普查数据显示，我国60岁及以上人口已超过2.64亿人，占比18.70%，其中，单身、独居的老人更是一个不容忽视的群体。面对传统的机 ​展开c,转发,1,赞
262,//weibo.com/7132524804?refer_flag=1001030103_,,2021年11月21日 11:58,男女吸引弱只会反映在婚恋，很多地区人们婚恋意愿不高但生育数据还不错，生娃最终是取决于女性人数及其生育意愿，只能说整个大环境的全方位让很多女性不舒适，没有生育意愿,转发,评论,赞
263,//weibo.com/6727094102?refer_flag=1001030103_,,2021年11月01日 13:40,广州我主良缘婚恋课堂：单身如何按照自身意愿择偶？O广州我主良缘婚恋课堂：单身如何按照自身意愿择偶？​,转发,评论,赞
264,//weibo.com/2342024544?refer_flag=1001030103_,,2021年10月27日 08:30,【Z世代都市青年「恐婚族」占3成　70％女性选择不相信婚姻】O网页链接根据中共共青团10月初公布的青年婚恋意愿调查显示，2905名18至26岁的未婚都市青年中，低婚恋意愿者出现「忧婚」、「懒婚」、「不婚」，甚至是「恐婚」现象，在选择「不相信婚姻」的3成青年中，女性比例更高达70％，「谈 ​展开c,转发,评论,5
265,//weibo.com/1852893050?refer_flag=1001030103_,,2021年10月11日 23:12,【超三成年轻人不想结婚  是个啥情况？】最近，共青团中央中国特色社会主义理论体系研究中心课题组，发布了一份针对2905名18岁至26岁未婚城市青年的婚恋意愿调查，调查显示超三成年轻人不想结婚，引发舆论关注。#e视界热点评论#L中国教育电视台的微博视频​,1,2,11
266,//weibo.com/1732739184?refer_flag=1001030103_,,2021年10月11日 08:15,【#女性的结婚意愿明显低于男性#】编者按：婚姻是家庭的纽带，家庭是社会的细胞，婚姻家庭和谐事关民生幸福和社会稳定。“Z世代”(指1995—2009年间出生的一代人，也被称为“互联网世代”)青年是未来10年结婚的主力军，他们的婚恋意愿值得关注。鉴于此，共青团中央中国特色社会主义理论体系研究中心课 ​展开c,1,评论,赞
267,//weibo.com/5579869767?refer_flag=1001030103_,,2021年10月10日 09:47,#女性的结婚意愿明显低于男性#先问是不是，再问如何看待。你去任何一个城市的婚介所、相亲角、婚恋网站，都能发现来相亲的女性无论是从数量上还是从付费意愿上，都压倒男性。这些才是大部分人眼皮底下的真实日常，很明显女性结婚意愿比男性要高。至于这个出现“女性结婚意愿明显低于男性”的调查 ​展开c,4,16,23
268,//weibo.com/1237389341?refer_flag=1001030103_,,2021年10月09日 20:56,主要是独生子女一代小时候被照顾得太好，结婚彼此不能照顾对方，就很难一个家庭持久和有幸福感。现在的经济压力不大，成功的不缺性，性饥渴的找不到对象。青年婚恋意愿调查：面对婚姻 年轻人在忧虑什么？O青年婚恋意愿调查：面对婚姻 年轻人在忧虑什么？​,9,8,33
269,//weibo.com/1657987915?refer_flag=1001030103_,,2021年10月09日 10:32,【青年婚恋意愿调查：74.8%的受访者认为“谈恋爱很麻烦”】共青团一项调研显示，在2905名18～26岁的未婚城市青年中，有34%的人不再认为结婚是一件理所当然的事。此外，有近三成受访青年从未谈过恋爱。调研中，当被问及“不想恋爱”的原因时，选择“一个人很好，谈恋爱很麻烦”的比例为74.8%。（阅读原 ​展开c,1,1,11
270,//weibo.com/2998045524?refer_flag=1001030103_,,2021年10月09日 09:05,【调研：#女性恐婚者比男性更多#】近日，共青团中央一课题组调研发现，作为未来10年结婚的主力军，“Z世代”（指1995—2009年间出生的一代人）青年结婚意愿呈现下降趋势。调研分析发现，#女性的结婚意愿明显低于男性#。那么，低婚恋意愿青年在想什么呢？他们的观点大致可分为四类：①被现实障碍所困的 ​展开c,2,66,18
271,//weibo.com/6450764440?refer_flag=1001030103_,,2021年10月08日 20:56,#未婚城市青年婚恋意愿调查#为什么只做未婚青年的调查？因为年轻人对爱情有向往. 有期待、有憧憬？呕呸！为什么不来个已婚女人的调查？给我十万个福利我依然后悔结婚. 后悔生娃！ ​,转发,1,赞
272,//weibo.com/1893278624?refer_flag=1001030103_,,2021年10月08日 20:19,#读特深新晚点#【“4个月放生14暴徒”后，他要跑？】他将偕妻儿移民英国，成为香港国安法订立后首名决定离港移居海外的本地法官。为何有香港网友呼吁“别让他跑了”？刚过去的长假，你“被相亲”了吗？#未婚城市青年婚恋意愿调查##女性的结婚意愿明显低于男性#国庆档票房近44亿， ​展开c,1,1,9
273,//weibo.com/1985407985?refer_flag=1001030103_,,2021年10月08日 20:05,#未婚城市青年婚恋意愿调查#我倒是想谈恋爱，但是我总得先有个对象是吧。ipad2常德​,转发,评论,1
274,//weibo.com/1890826225?refer_flag=1001030103_,,2021年10月08日 19:57,未婚城市青年婚恋意愿调查，都看了吗？其实如果这是每个男人结婚后的样子，女生应该都愿意结婚吧！#未婚城市青年婚恋意愿调查#L每天学点心理学的微博视频​,4,2,22
275,//weibo.com/5724379359?refer_flag=1001030103_,,2021年10月08日 19:32,婚姻相比爱情，多了一份沉甸甸的责任。但这绝不是逃避的理由。愿单身的你姻缘大吉，早日觅得佳偶！#未婚城市青年婚恋意愿调查#​,55,83,647
276,//weibo.com/1191965271?refer_flag=1001030103_,,2021年10月08日 18:51,课题组针对2905名18~26岁的未婚城市青年，通过问卷调查、深度访谈等方式，围绕他们如何看待恋爱与婚姻，婚恋意愿的背后存在哪些担忧等进行了深入调查，并就如何帮助他们正确认识和对待婚恋问题提出对策建议。,583,42,108633
277,//weibo.com/1959444680?refer_flag=1001030103_,,2021年10月08日 18:00,#未婚城市青年婚恋意愿调查#【#有必要建立青年婚恋教育体系吗#】共青团中央一课题组调研发现，34%的青年受访者不再认为结婚是一件理所当然的事。女性表示“不结婚”和“不确定会不会结婚”的人数占43.92%，比男性多出19.29%。如何让年轻人“能恋”“想婚”“敢婚”？课题组提出以下建议：①提升个人 ​展开c,2,评论,1
278,//weibo.com/1132974300?refer_flag=1001030103_,,2021年10月08日 17:36,#女性的结婚意愿明显低于男性#“Z世代”(指1995—2009年间出生的一代人，也被称为“互联网世代”)青年，是未来10年结婚的主力军，他们的婚恋意愿值得关注。鉴于此，共青团课题组对2905名18～26岁的未婚城市青年，通过问卷调查、深度访谈等方式，围绕他们如何看待恋爱与婚姻，婚恋意愿的背后存在哪 ​展开c,2,21,9
279,//weibo.com/3404071204?refer_flag=1001030103_,,2021年10月08日 15:10,#为何部分年轻人结婚意愿低#婚姻是一件人生大事，“男大当婚，女大当嫁”是我国传统的婚姻价值观。而近年来，越来越多的年轻人徘徊在婚姻殿堂之外，结婚年龄的推迟、青年的低婚恋意愿（不想恋爱/结婚，不确定会不会恋爱/结婚）已成为全社会的隐忧。调研中，对“你将来会谈恋爱吗”的问题，12.8%的青 ​展开c,转发,评论,1
280,//weibo.com/5378851242?refer_flag=1001030103_,,2021年10月08日 08:13,【#报告称Z世代青年结婚意愿下降#，#报告称女性结婚意愿明显低于男性#】“Z世代”(指1995—2009年间出生的一代人，也被称为“互联网世代”)青年是未来10年结婚的主力军，他们的婚恋意愿值得关注。调研发现，“Z世代”青年结婚意愿呈现下降趋势。联合国人口司发布的世界婚姻数据预测，到2030年，我国20 ​展开c,3,1,2
281,//weibo.com/1638782947?refer_flag=1001030103_,,2021年10月08日 07:50,#报告称女性结婚意愿低于男性##Z世代青年结婚意愿呈下降趋势#【青年婚恋意愿调查：面对婚姻，年轻人在忧虑什么】调研发现，作为未来10年结婚的主力军，“Z世代”青年结婚意愿呈现下降趋势。联合国人口司发布的世界婚姻数据预测，到2030年，我国20~29岁处于婚姻状态的人群比率为69.2%，将比2013年下降8 ​展开c,15,45,126
282,//weibo.com/5545466650?refer_flag=1001030103_,,2021年08月22日 01:25,#我国总和生育率低于国际警戒线#提升生育率，不能太指望三胎！！而是要帮助单身年轻人脱单！！根据“理想岛VIP”刚刚发布的《2021中国单身硕博婚恋意向报告》，部分单身硕博高学历者生育意愿较强。尽管还没对象，28%单身硕博已明确希望生育“二胎”。这一比例远高于选择只想生一胎的17.8%。（图7↓） ​,37,47,197
283,//weibo.com/1646026833?refer_flag=1001030103_,,2021年06月24日 14:38,李雪琴在参加某节目时谈婚恋观，直言结婚应该是想结婚就结，不想结婚就不结，“你自己的意愿是最重要的”。与其糊弄还不如不结.你们对此有什么想法呢？？？？ ​,20,20,488
284,//weibo.com/6013978114?refer_flag=1001030103_,,2021年05月31日 10:41,#成都我主良缘##我主良缘#成都交友超话成都相亲超话发布了头条文章：《如何拒绝盲目相亲？成都我主良缘谈朋友圈有效性！》 今年以来，各大数据显示，单身婚恋交友的积极性上升了不少，报名、参与相亲活动的人数以及意愿都有了明显的增长。但就目前而言，这些数据转化为脱单率与结婚率的比 ​展开c,转发,评论,赞
285,//weibo.com/3963128992?refer_flag=1001030103_,,2020年11月24日 15:31,挽回不是强逼对方回头，要对方也要和你有同样的意愿，邀约也不要让对方感受到你的目的性，可以随口一提。比如说，你想约他出来吃饭，“什么时候一起吃个饭吧？”#分手了怎么挽回男朋友女朋友##婚恋百问##失恋分手复合#这样的邀约请求目的感太强。换一种说法，最近有一家日料店还蛮火的，我挺想 ​展开c,18,21,19
286,//weibo.com/5625396175?refer_flag=1001030103_,,2020年09月10日 10:28,星座超话到了合适结婚的年龄，一般的男女都会有意愿或者期盼有婚恋情况，崇尚爱情的美好，也有时间，也有机会去挑选对自己好的人，所以在20岁到30岁之间是最适合择偶成婚的。但是你的八字是不是在这十年当中也是利于你结婚的呢，当然有些就是不适合的。比如说男命，在适合结婚的阶段，走劫财大 ​展开c,转发,评论,赞
287,//weibo.com/2746611762?refer_flag=1001030103_,,2020年09月09日 19:30,爱那么艰辛你不知道究竟给孩子什么样的爱你几乎不能去表达顺着她的意愿当你孩子长到二十六岁时她是一个女孩子在她这个年龄所要面对的事一件都不会少也一性都不会让她轻松工作，婚恋，加班，读研，考博她夹在这中间不想让父母再为她操心而我们的想法常常面临冲突，甚至争吵，再寻求谅解​展开c,转发,评论,1
288,//weibo.com/6199022446?refer_flag=1001030103_,,2020年09月05日 16:27,西宁脱单超话《95后新社会人婚恋居住调查报告》显示，在租房生活中，超一半的95后接受情侣租金平摊，其中女性对AA制的接受度为男性的两倍。超8成95后在脱单以后，购房意愿增强，男性婚房准备更积极。在情侣备婚房的过程中，7成95后购房需要父母资助，但近一半的调查对象表示，不愿意婚后与父母同 ​展开c,转发,评论,赞
289,//weibo.com/5043996259?refer_flag=1001030103_,,2020年08月27日 19:46,可以公开婚恋状态，不公开伴侣的身份（因为这涉及到另一半的意愿和隐私）。,2613,评论,14031
290,//weibo.com/1424710994?refer_flag=1001030103_,,2020年08月26日 11:09,【95后新社会人婚恋居住调查】1、超过6成95后认为26~29是最佳结婚年纪2、95后单身人群仅25.5%急于脱单（还是年轻）3、情侣租房，95后更能接受AA。（平权思维一代比一代强）4、租房结婚？超5成95后拒绝5、婚后与父母同住？95后女性拒绝意愿更强烈！数据来源:贝壳研究院 ​,18,4,42
291,//weibo.com/1654203637?refer_flag=1001030103_,,2020年08月25日 15:10,【贝壳研究院《95后新社会人婚恋居住调查报告》：过半95后接受情侣租房AA制】8月25日，贝壳研究院发布《95后新社会人婚恋居住调查报告》。调查发现，在租房生活中，超一半95后接受情侣租金平摊，女性对AA制接受度为男性2倍。超8成95后脱单后购房意愿增强，男性婚房准备更积极。在情侣备婚房的过程中，7 ​展开c,转发,评论,赞
292,//weibo.com/2441286587?refer_flag=1001030103_,,2020年08月25日 12:33,那些不利于女性的政策条款的颁布，恰恰说明当前女性婚恋与生育意愿不断趋于降低的状况，是不受执政者掌控的。不要灰心。 ​,1,评论,赞
293,//weibo.com/1634721582?refer_flag=1001030103_,,2020年08月24日 20:16,爱情保卫战看了几集，发现一些“控诉”点频繁出现：1，女要男有上进心，2，女要男有尽快进入婚姻的态度，包括房子和彩礼，3，男结婚后或者同住后变了，没有以前的体贴和关心人。害，女人总是期待美好的事情和美好的符合个人意愿的人，然鹅……婚恋看上去对很多人都是坑。现在我觉得这是个很难的事 ​展开c,转发,评论,赞
294,//weibo.com/2434661261?refer_flag=1001030103_,,2020年08月18日 16:17,我的婚恋观是照顾好自己，不给别人添麻烦，不成为别人的负担。我不想成为“妈妈”这样的角色，费力不讨好，我需要的是一个可以共同努力，共同成长，情绪稳定，相互理解的伴侣，不是一个永远长不大的“宝宝”。你做出的改变仅仅是因为你自己的意愿，而不要是因为我，我不是谁的借口和理由，我会更加努力 ​展开c,转发,评论,赞
295,//weibo.com/1772062691?refer_flag=1001030103_,,2020年08月16日 19:56,从二十岁开始进入婚恋的考虑范围一直到七十岁，整整五十年时间，社会的变化，阶级的流动，性格的变化，财务的变化，事业的发展其实变化真的挺大的，这大概就是精确计算的婚姻很难持续的原因吧，生命是动态的。产生强烈真爱感觉的婚姻估计稍微好一点，至少人面对真爱的时候解决问题的意愿更强一些。 ​,转发,评论,赞
296,//weibo.com/3512529591?refer_flag=1001030103_,,2020年08月06日 19:49,#婚恋情感#婚姻发生变化，遭遇伴侣出轨，我们是该挽回修复，但也要及时懂得止损，不值得的人，不必违背自己的意愿，逼自己去接纳对方。#亲密关系成长陪伴营##女性成长陪伴营#2莱阳​,转发,3,1
297,//weibo.com/6128483058?refer_flag=1001030103_,,2020年08月04日 23:03,我有点不明白了…说实话，什么媒体啊热搜啊说白了都是资本工具啊，资本让我们看啥我们就看啥。但是最近最多的就是男杀女式的恐男新闻，搞的我现在没有任何婚恋意愿，资本是啥？鼓励单身大讲堂？？？ ​,转发,10,7
298,//weibo.com/5598530206?refer_flag=1001030103_,,2020年08月01日 14:04,#官方回应残疾人领结婚证遭拒#都一次想为我国婚恋相关岗位的工作人员点赞，之前骚操作太多了，只有这次，我觉得，好！真好！无法表达自己的意愿，就能被强制结婚的话，无法想象以后社会上的弱势群体会遭遇到什么 ​,转发,评论,赞
299,//weibo.com/1757259183?refer_flag=1001030103_,,2020年07月17日 15:38,看了个剧，以下感触一、母爱在成长阶段，基础关键，缺乏可能造成一些情感上的变异二、婚姻是一种契约关系，对于有感情有意愿的人来说，是给予双方的一种承诺，对于意愿不强烈凑合的双方来说，不乏味，也不甚满意三、牵扯到说不清的感情时，往往会发生感情倾轧，至于结局，难讲四、封建无婚恋土壤 ​,1,评论,赞
300,//weibo.com/1827364860?refer_flag=1001030103_,,2020年06月23日 21:15,读所谓高等教育后，才开始有婚恋的意识。至今，仍没结婚意愿，说不好原因。（讲过一次，垃圾团伙儿是知道的）家庭教育的规训，或者自我的定位都行，蛮多方面，我确实是传统的。巧的是，却能接受更多维度的事物，自己去做与否，倒一直有自我的逻辑和清醒选择。如之前讲被我妈喷晕过一次，毕竟年少，是 ​展开c,转发,1,赞
301,//weibo.com/1714577485?refer_flag=1001030103_,,2020年06月21日 10:02,回复@风诤语评:随着社会发展，个人独立，家庭独立是趋势。这种家庭间的经济纠纷应当这么裁判。我们不要享受现代化的物质生活而不愿意承担现代化的一些伦理挑战，比如婚恋的财产，单亲家庭，生育意愿等等必然现象。,34,评论,95
302,//weibo.com/6978759360?refer_flag=1001030103_,,2020年06月13日 23:19,身边一事业女强吐露，在疫情期间自己休息的一个月太无聊，和之前忙工作时闹掰的EX和好了，给我看合影，男人气质是依偎着、环绕着她的。如今时代真的变了，这一百年来女性的工作状态发生了翻天覆地的变化，越来越少女人会all in感情/婚姻，更加专注事业的同时，婚恋甚至生育意愿同时降低。古代论命观 ​展开c,4,4,33
303,//weibo.com/5270978874?refer_flag=1001030103_,,2020年06月01日 13:15,有毛病吧。问题是现在也不止女性的结婚意愿低，男性也是一样啊。什么狗屁，一看到婚恋交友就是女大学生只配生崽。脑子多少有点毛病。​,转发,评论,5
304,//weibo.com/5270978874?refer_flag=1001030103_,,2020年06月01日 13:06,我还是觉得我上一条原博有点毛病，这个活动是针对大学生的，类似于交友平台，至于为什么叫做婚恋交友，确实有点毛病，但也不是什么大问题。共青团又不是要把你的信息放到公示栏。下面一个个群情激愤说强制婚配。真的感觉有毛病。一般受教育程度越高，结婚生育的意愿越低，它要真针对大学生搞强制配婚， ​展开c,转发,评论,4
305,//weibo.com/1799309673?refer_flag=1001030103_,,2020年05月29日 10:02,离婚率高，女性独身意愿高，结婚率低，生育率低，这不正说明我们因为经济发展进入了一个个人意志更强烈的阶段吗？不考虑怎么协调更好的协调婚恋关系，把两个人绑定在一段糟糕的关系中不知居心何在？ ​,转发,11,1
306,//weibo.com/2050870374?refer_flag=1001030103_,,2020年05月29日 00:10,年轻人婚恋意愿低有原因，离婚趋势升高也有原因，不找原因，直接改数？以为以前一年离婚的数量会被一个月的冷静期的时间冲兑降低是吗？搞金融吗，还错期套利。 ​,转发,评论,赞
307,//weibo.com/1850783407?refer_flag=1001030103_,,2020年05月28日 21:16,#离婚冷静期#离婚要用法律来指导「冷静」，那结婚是不是应该同理上升一下？不如恋爱也指导一下？颁个证？自由婚恋，结婚证也就是个法律证明，怎么就到了婚姻介绍所红娘思维的地步？选择结婚的那一刻，如果顺应的是自己的情感与自主意愿，凭什么到了离婚的时候要屈从于完全非自我的意愿？这就是后浪 ​展开c,转发,评论,3
308,//weibo.com/3208483093?refer_flag=1001030103_,,2020年05月28日 18:16,干涉婚姻和生育自由太恐怖了。不让你生的时候能让快足月的孕妇去打胎，逼你生的时候连冷静期、放开疾病限制这种完全侵犯人权的破规定也能搞得出来。还有最近在放风的所谓国家的婚恋平台，我真的想想都要吐。为什么生育意愿一直走低，是因为越来越多女性意识到，婚姻和家庭关系中女性受到的保障太少， ​展开c,4,评论,12
309,//weibo.com/1503535883?refer_flag=1001030103_,,2020年05月18日 10:13,目前这种形式不错，微博上有每个人的动态，也有照片，可以相对真实地评估一个人。真实，信息的真实，是提高效率的第一步。其次是意愿的匹配：A 和 B 聊了很久，到后来，发现 A 想今年就结婚，B 目前暂无婚恋的打算。我在一个社交 App 上注册了，有不少姑娘上来打招呼，我今年暂时不想结婚，但是对 ​展开c,转发,3,7
310,//weibo.com/1940367917?refer_flag=1001030103_,,2020年05月11日 19:17,月火男的妈妈就是那种强势又暴躁为啥月火男多家暴男就是因为他就处于一个暴躁、随意被辱骂、没有尊重的环境他的母亲从来也不会听他的需求把自己的意愿强加在他身上导致他在婚恋关系中不知道怎么正确去处理对方有不正确不合他心意的他也不懂去引导只会大呼小叫甚至拳打脚踢因为他妈妈就是这 ​展开c,转发,评论,2
311,//weibo.com/7387859021?refer_flag=1001030103_,,2020年05月03日 19:14,制止软暴力#不让鲍毓明掉下热搜#请投票你请律师鲍毓明吃什么酒菜？这不是第一个被洗脑的受害人[为爱发光]教育青少年太纯良听话，白给人面兽心者消遣？哪一条法律授权婚恋伴侣可以违背女子意愿？作贱女子为乐，婚内也侵权[能量少女耶],转发,评论,赞
312,//weibo.com/5124378141?refer_flag=1001030103_,,2020年04月25日 22:31,"關注殘疾人的性需求保障其平等就业、受教育的權利首先，要解放思想人人平等可依賴、可信任其次，不被歧視，包括言論、行為社會要具有包容性，便利性最後，自由。包括性自主、婚戀等人人有表達意願的權利不自卑，不懦弱，不妥協2020,4,25 ​",转发,评论,赞
313,//weibo.com/1256773011?refer_flag=1001030103_,,2020年04月23日 12:09,近三年，哪年能够结婚？微博网友“还有一枚大胖子”问：男，癸酉、辛酉、辛丑、乙未，现大运戊午，在庚子、辛丑、壬寅三年中，是否有婚缘？答复：八字全阴，本来就婚恋不顺。命局无妻星正财，且婚宫逢冲，比肩又多，竞争者多。今年庚子，合动婚宫，结婚意愿很强，也有机会入婚。但毕竟透劫财，找 ​展开c,22,52,8
314,//weibo.com/5143010802?refer_flag=1001030103_,,2020年04月13日 23:51,谁让她去和那些男生在一起玩”“谁让她穿成这样子出门”，这些话语在生活中比比皆是，受害人遭遇不幸还要被身边人或其他人捅上一把刀子，而加害者的行为反倒披上正当行为的外衣，可悲的是性自愿这件事还需要提出警醒，有无婚恋关系都需要尊重对方意愿。罪恶本就是罪恶，绝不能姑息！,39892,评论,904733
315,//weibo.com/5457832320?refer_flag=1001030103_,,2020年04月13日 13:28,紫微斗数超话本命夫妻宫空曜多 在相关人事的感受上，除了我们之前说的截空 在一段时期内 会降低命主的婚恋意愿，另一方面空曜多了 在适婚年龄段 也容易给命主带来总是“没有合适的人”类似这方面的人事空无的感受。空劫阻断桃花的力量还是蛮强的，就像是两颗老鼠shi会把相关的人事空掉。这个 ​展开c,2,15,9
316,//weibo.com/1750928684?refer_flag=1001030103_,,2020年04月07日 23:11,今日最佳：朋友给我算了星盘。学业原生家庭财运算得都很准。连婚恋观都很准。包括时间都是和我规划一致的。我截图给我妈看，我妈也说准。但是这是我的意愿，不是她的意愿。所以她说：不知道说什么，等一个奇迹。哈哈哈哈哈哈哈哈哈哈。 ​,转发,2,赞
317,//weibo.com/2550399843?refer_flag=1001030103_,,2020年04月06日 15:15,旧问题没有了，新问题呢？技术进步，干嘛婚恋生育意愿降低？//@代课至圣先师:文化传承加上技术进步，原来的问题就不是问题了//……明君昏君谁能判定？判定秦二世为昏君时，陈胜吴广揭杆了……圣人要王公克己时，即时被送出大门外了。毛时让工农人民做主人监督公仆官员，结果怎样？//:职责是定份止争,69,评论,18
318,//weibo.com/5758624118?refer_flag=1001030103_,,2020年03月17日 15:18,质性研究这个课除了累除了烦除了事情多还是挺有意思的我还挺想看做大学生婚恋择偶研究和女性生育意愿研究的俩同学的成果​,转发,评论,2
319,//weibo.com/6418802049?refer_flag=1001030103_,,2020年03月14日 14:12,办一个钢铁直男改造班怎么样。一对一指导。半年期。1 钢铁直男生成原理2 颜值 衣品 气质的改造（健身护肤基础）3 精神沟通（文艺课，选修）4 情绪价值5 恋爱心理学6 婚恋市场定位与自身需求分析7 lifestyle8具体案例跟踪分析我本身对钢铁直男愿意改造自身的意愿表示悲观，这些人供养者 ​展开c,3,28,18
320,//weibo.com/2714133045?refer_flag=1001030103_,,2020年03月10日 22:50,说实话，大龄未婚的女孩子如果去相亲，想尽快结婚，最好展露一点母性，毕竟中国婚姻非常看重生育，如果大龄且生育意愿养育意愿都很薄弱，那么婚恋市场会很弱势。,214,评论,490
321,//weibo.com/7273790710?refer_flag=1001030103_,,2020年03月08日 14:47,"""身体发肤，受之父母""，言下之意是走极端时想想父母给予的恩赐，不要随意损坏身体，以健全之躯过完人生，不是烫头发、打耳洞、婚恋自由、发生性关系都要按照父母的意愿走。不要被人们对古语的刻板理解所束缚，你是你，父母是父母，爱惜自己是尊重父母，爱自己是尊重自己。我从来都是思想共享，他们同意 ​展开c",转发,评论,赞
322,//weibo.com/5175413385?refer_flag=1001030103_,,2020年03月02日 21:24,一个有意思的现象，婚恋市场上女方通常是劣势的一方，男方稍微有点优点就会成为抢手货，仿佛男性才是婚恋市场的甲方。但是呢，在离婚市场里，请求离婚的一方通常又大多是女性，女性要离婚的原因多种多样，而男性即使婚姻有问题的情况下坚决离婚的意愿也不强，能让男性坚决离婚的估计只有被绿了这个原因 ​展开c,转发,评论,赞
323,//weibo.com/3749967257?refer_flag=1001030103_,,2020年02月07日 17:18,#婚恋场#一开始就不被男人真心喜欢而勉强进入的婚姻，过后大部分都以悲剧收场。作为女人，永远不要让自己主动想结婚的意愿大过男人，因为一个男人如果骨子里并不想跟你结婚，那么之后他又怎么可能会对你好呢。​,1,评论,8
324,//weibo.com/1328999965?refer_flag=1001030103_,,2020年01月17日 09:33,我很喜欢看维多利亚女王子孙的婚恋故事，因为那时候自由恋爱（虽然“自由”的程度有限）已经是主流，比较接近现代读者印象里的王子公主童话。但是当个人意愿大于职责需求的时候，尤其是一个迷人的恋人并不一定是合格的君主配偶，就产生了很多悲剧。而暗黑童话什么的……我就更喜欢了。 ​,转发,4,1
325,//weibo.com/2606812037?refer_flag=1001030103_,,2020年01月15日 12:00,朋友化身感情导师给我进行婚恋测评，最后恨恨的总结：和你谈恋爱幸福感肯定会很高，但你有这个意愿吗？你没有，你只有嘴想脱单。典型的思想有问题。我：？？？已婚女士现在都这么嚣张了吗？ ​,转发,2,赞
326,//weibo.com/6267246871?refer_flag=1001030103_,,2020年01月14日 15:56,所有婚恋关系中的不容易，且行且珍惜，指的是两个人愿意一起排除困难，有共同意愿为未来的幸福生活而努力奋斗。而不是一方出轨背叛，利用，财富控制，洗脑，违法，冷暴力，家暴，不合作，你还认为婚姻不易要且行且珍惜。#聊聊心理#情感超话#婚姻#​,转发,评论,1
327,//weibo.com/1859869834?refer_flag=1001030103_,,2020年01月12日 20:43,我不会催婚的，虽然我也希望孩子能有好的婚姻，但婚姻是锦上添花不是雪中送炭。我更想让我的孩子过得开心、按自己的意愿选择是否婚恋，因为我是母亲，无条件的爱她支持她是我一生的原则。,转发,评论,赞
328,//weibo.com/1750349224?refer_flag=1001030103_,,2019年12月27日 10:32,【婚恋网站上寻找目标 两个月内近百名男性受骗】根据警方调查了解，进入该公司的业务员都会配上一部手机，每天用不同账号，在各大婚恋网站上寻找单身男士，以女性杨某的身份与其交流。一旦有进一步发展意愿，该公司会进一步进行应对，吸引受害者。打消顾虑后，就会开始要求受害人在“温馨小屋”上购买 ​展开c,转发,评论,赞
329,//weibo.com/1908798377?refer_flag=1001030103_,,2019年12月22日 12:14,从初级层面讲，健康的婚恋关系会惠及双方，两个人都能从对方的付出中获益，而不是一方单方面付出，另一方无条件接受。 从更深的层面讲，婚恋关系中的双方都应该把共同利益置于各自自身的利益之上，遇事无论谁做决定，都会把对方的感受和意愿考虑进去，而不是做了利己的决定或自认为妥帖的决定，然后通 ​展开c,转发,评论,赞
330,//weibo.com/3729931704?refer_flag=1001030103_,,2019年12月08日 20:36,#你能够接受AA制婚姻吗？#：AA制婚姻是新的婚恋模式，约定出的内容匪夷所思。比如：抚养孩子，赡养父母，夫妻的互助义务，故意的逃避法律责任。这些自私自利的意愿，不近情理的空前嚣张。AA制不算进步，真有必要遏制。 ​​​​,1,2,赞
331,//weibo.com/1439351555?refer_flag=1001030103_,,2019年12月08日 18:41,2919-130.#异乡记 苏芳著#9部短片，关于婚恋的9个剖面，抑或完全是女主人的癔病幻想。“而所谓神秘的命运，从不比任何一个人瞬息万变的内心更加神秘。如果有人能够了知全部的自己，那些矛盾的、极速的、无休止地侵占又抛弃的、比宇宙更加辽远空旷的自己，那么他就会发现，一切都在按照他内心的意愿进 ​展开c,转发,评论,2
332,//weibo.com/1775910383?refer_flag=1001030103_,,2019年11月27日 21:45,晚上跟好朋友有一些浅显的交流，发现确实每个人的婚恋观都不同。从头开始说的话，我的观念是，俩人先date，date觉得好就正式交往，交往到彼此相爱的阶段，有意愿的话就求婚（谁跟谁求都行），确认双方都愿意进入婚姻后才可以准备婚礼。 ​,转发,评论,2
333,//weibo.com/6063721548?refer_flag=1001030103_,,2019年11月19日 10:17,在近期的一场主题分享会上，#佛山我主良缘#资深婚恋顾问介绍到，不少单身会将个人的交友感受放在择偶标准的位置。“以一次相亲交友时的感受出发，来决定要不要和对方继续交流，甚至衡量对方究竟是不是自己的‘菜’，这样的做法真的‘百发百中’吗？我们认为，交友感受固然重要，但主观意愿却很容易受到 ​展开c,转发,评论,赞
334,//weibo.com/5076277091?refer_flag=1001030103_,,2019年11月13日 23:23,最近在关于婚恋方面的话题 很不解 但凡女生家庭条件不错 在婚恋上有一些困扰来投稿寻求帮助 下面评论大多数都劝女生不要结婚 条件这么好有钱自己花多好 生活方面就请保姆 现在还流行劝人不婚不育了吗？每个人情感需求不一样 有结婚意愿怎么就成了不应该不值当的事了呢 ​,转发,1,4
335,//weibo.com/7286403323?refer_flag=1001030103_,,2019年10月31日 16:57,婚恋心理学超话#年龄大了必须要结婚吗#人的一辈子说长不长，说短不短，‘就年龄大了必须要结婚吗’这个话题，这个看个人吧，看自己的意愿，我觉得在适合的年龄干适合的事，如果没有找到自己喜欢的，宁缺毋滥 ​,转发,评论,赞
336,//weibo.com/3251899332?refer_flag=1001030103_,,2019年10月23日 16:30,儿女的婚姻，是子女人生的大事，也是父母非常操心的事情，两代人的婚恋观很多时候有差异，就会产生矛盾和争执，但有一点是相同的，对于婚姻大事来说都希望婚姻生活幸福。当双方都希望按自己方式来进行感情和婚姻，父母就表现为插手子女的婚姻感情，子女就表现为认可父母的观点，或反抗父母的意愿。既然 ​展开c,转发,1,赞
337,//weibo.com/6481395249?refer_flag=1001030103_,,2019年10月12日 11:57,婚恋情感理论家之洲认为：那种“我负责赚钱养家你负责貌美如花”的“婚恋意识”是极其有害的“婚恋意识”。因为它把“金钱物质基础实现本质”和“提供金钱物质基础意愿”统统混淆成“爱情表达”；完全不顾“金钱物质基础”所予以满足实现的“生存消费需求”永远是“喜新厌旧”的；也全然不顾“金钱物质 ​展开c,转发,26,29
338,//weibo.com/1598605113?refer_flag=1001030103_,,2019年09月26日 08:38,朋友创办的婚恋平台喝一杯咖啡的时间，给自己遇到爱情的机会！就在本周六！现在报名！周四系统出匹配结果！周五确认双方意愿！周六约起！☕ ☕加油 北京幸事#单身#​,转发,评论,1
339,//weibo.com/1412607615?refer_flag=1001030103_,,2019年09月21日 22:42,在恋爱脑的年纪，有大神港过，女孩子家家的，不需要太主动，给暗示就好，剩下的步骤交给男生，不要破坏雄性hunting的乐趣。婚恋市场则完全是倒过来的，资格准入的大鼎们亮明适婚的意愿，完全得靠女人主动示好配合才能尽快成事。因垂死听。 ​,转发,评论,2
340,//weibo.com/5603349652?refer_flag=1001030103_,,2019年08月31日 19:27,六口茶社婚恋问答92、因受欺骗所设立的遗嘱有效吗？答：遗嘱的本质是本人对于自己遗产处分的意愿，必须是遗嘱人的真实意思表示，任何人不得干涉，更不能使用欺骗或胁迫的手段让遗嘱人设立有违其意愿的遗嘱，否则该遗嘱不受法律保护，故因受欺骗所设立的遗嘱无效。【法条链接】《中华人民共和国继承 ​展开c,转发,评论,赞
341,//weibo.com/1689649181?refer_flag=1001030103_,,2019年08月28日 11:20,#好的关系都自带分寸感##见合婚恋万花筒#在男女相处过程中，男生要主动带领节奏，但这个尺度要把握好，一旦失去分寸感，就会适得其反，引起女生反感。何为分寸感？即：我表现出对你的好感，但不会强迫你做任何事情，我很尊重你的意愿。 ​,转发,评论,1
342,//weibo.com/1765072222?refer_flag=1001030103_,,2019年08月22日 15:00,#真知真趣味#听说愿意结婚的人越来越少了？根据国家统计局和民政部的数据，2018年全国结婚率为7.2%，创下新低，其中上海是结婚率最低的城市，仅为4.35%。看起来人们的结婚意愿确有下降趋势。其实当今社会，结婚早已不再是自我实现的必然指标，每个人的婚恋观大相径庭，无论选择单身还是结婚，都各有各 ​展开c,195,65,64
343,//weibo.com/5883432020?refer_flag=1001030103_,,2019年08月22日 13:19,#武威生活#【央视《乡约》喊你来武威凉州相亲啦!】近期，央视唯一大型户外婚恋交友节目《乡约》将来武威录制，现面向凉州区寻找单身男女青年。请有意愿报名人士，到户口或居住所在地乡镇、街道报名，并认真填写“央视农业农村频道《乡约》栏目嘉宾报名表”，并附三张生活照片。报名时间为即日起至2019 ​展开c,1,7,25
344,//weibo.com/6001068304?refer_flag=1001030103_,,2019年08月13日 10:06,婚恋自由，生孩子也是自由，个人意愿而已，没必要说什么“生孩子就是迫害自己”“恶心孩子，孩子就是寄生在母体的，和蛔虫没什么区别”，难道你不是你妈生出来的？那你就是蛔虫了呗，这种连自己都骂的人还指望他有什么思想？还有说“真爱不会让你生孩子”的，那意思就是现在有孩子的家庭都不是真爱了呗,转发,3,赞
345,//weibo.com/2677648734?refer_flag=1001030103_,,2019年08月12日 08:30,#扫文存档#安置 by 今天也不要脱发⭐️⭐️⭐️💫温柔将junAlpha X 非常正统的温柔软糯omega婚后恋爱文，暗恋成真一个很甜腻的婚后恋爱abo，还行吧！看着还不错！受在酒会第一次看到攻，对攻一见钟情，回家对父母提出了自己懂事以来的第一次要求，想要嫁给攻。然后攻的父亲也苦于攻没有婚恋意愿 ​展开c,转发,3,6
346,//weibo.com/1946233662?refer_flag=1001030103_,,2019年08月09日 09:32,不婚主义和同居人群的比例今后会越来越多的，结婚呢，要看双方家庭的意愿咯，而且现在的婚恋市场跟卖儿卖女差不多，这是金钱的维系，不是人的维系，真是看看就来气！,转发,评论,赞
347,//weibo.com/1355680491?refer_flag=1001030103_,,2019年08月05日 11:27,不知从什么时候开始不再喜欢看温暖、婚恋、生活的电影开始喜欢大爱、正义、惊险、格局的电影刚刚看完的＜烈火英雄＞一场职业使然的使命赚足了现场观影人的眼泪作为母亲和全天下的父母一样　是自私的对子女职业选择上虽尊重但　只希望　只意愿自己的孩子平安　健康观影的意义己不仅为 ​展开c,转发,评论,赞
348,//weibo.com/5739124601?refer_flag=1001030103_,,2019年07月25日 20:32,我觉得生理科普是应该的，但是如果作为社会话题那价值观就有待商榷了。首先作为个体，即便是女性，是否具备生育意愿是个人原则，不应该将生理常识作为道德绑架女性和造成婚恋市场扭曲歧视大龄女性的工具。科学角度值得借鉴，社会角度不建议炒热度。,18035,评论,2556318
349,//weibo.com/1689649181?refer_flag=1001030103_,,2019年06月25日 22:15,唯爱婚恋平台以实名制为底色，专注服务85-95年、高知白领。 来唯爱且愿意接受资料审核的，大多已到适婚年龄，脱单意愿强，素质普遍较高，沟通不累。大家年龄相当，思维方式、物质条件等大致在同一层级上，门当户对，匹配度也较高。福州月老超话福州相亲超话,2,评论,2
350,//weibo.com/2153702501?refer_flag=1001030103_,,2019年06月25日 17:20,【百合网的“爱情买卖”赔了】极光大数据预测，2020年中国在线婚恋市场规模将达到60亿，行业潜力尚待发掘。但这条赛道上的玩家众多，竞争激烈，随着获客成本的提高及付费意愿的下降，以及寡头品牌的霸主地位加剧，这个赛道虽然热闹，但是却美中不足，就像相亲结婚一样，往往好事多磨。 ​展开c,2,1,赞
351,//weibo.com/3835160335?refer_flag=1001030103_,,2019年06月09日 00:14,真的不想室友把自己的婚恋意愿暴露在大家面前，还要拉上一个无辜的研究生师哥​,转发,评论,3
352,//weibo.com/7068299927?refer_flag=1001030103_,,2019年06月03日 20:20,许多人一生都在试图维持自己懂事的形象，并引以为豪。可当他们成年之后便会发现，自己早已习惯顺从父母的意志，对于自己的喜好和意愿感到一片茫然，在事业和婚恋等关键的人生选择上，倾向于背离自己的感受而满足父母的期待；还有一种就是成人后发现这个问题的存在就不想做懂事的孩子时，突然逆反，结果 ​展开c,转发,评论,赞
353,//weibo.com/6593893685?refer_flag=1001030103_,,2019年06月01日 12:15,男人在婚恋中，如何把自己的意愿躲藏在父母背后，率先使用“我妈说”武器的男人，可不一定是妈宝。【投稿】坐标上海。今天在muji吃晚饭，旁边坐了一个27岁左右的男人和30左右的女人。男的说他妈催婚很紧，之前谈了两个，都因为说要结婚后在男的的房子加上名字而被男方分手。一个谈了4年，因为房子加 ​展开c,30,82,750
354,//weibo.com/3271750691?refer_flag=1001030103_,,2019年05月30日 23:27,A卷今天狗蛋女士推荐给我一个视频，视频中papi酱讲述了她独特的婚恋观，她说她跟她丈夫结婚五年来，双方父母都没有见过面，过年也是各回各家。这不但需要papi酱与她先生二人的婚恋观念能够充分契合，同时也需要双方父母有足够开明的态度。他们秉持的宗旨是尊重每个人的意愿，以最舒服的形式去相处，而 ​展开c,转发,评论,3
355,//weibo.com/6033415316?refer_flag=1001030103_,,2019年05月30日 08:17,在邓欣过度干预干扰影响婚恋家庭小丑心生厌恶等。宠妻一事并非当事人的意愿等干预等来控制事态等一手遮天的历史重演欺负等衰败影响……干扰婚恋家庭等。这种干预干扰是邓欣自己的意愿和行事影响。违法犯罪行为历史重演影响 ​,1,2,赞
356,//weibo.com/2324832692?refer_flag=1001030103_,,2019年05月15日 16:10,【这届年轻人攒钱，是为了#养老院自由#】2018年中国社科院的一项调查研究发现，被访的60岁以上、城市独生子女父母中，有超过40%的老人将来打算住养老院。女性、受教育程度为高中/中专、离异或丧偶、东部省区、健康状况不差、常和朋友聚会聊天的老人，愿意入住养老院的意愿更明显。对于现在婚恋观、生活 ​展开c,转发,评论,2
357,//weibo.com/6593893685?refer_flag=1001030103_,,2019年04月28日 09:13,这种表演非常无趣又危险……一是塑造女性就是喜欢半推半就的形象；二是在大众观念中，把违背女性意愿娱乐化；三是通过满足一些女人在婚恋性事上的虚荣——“我不愿意都有男人强迫我愿意”，让女性群体也产生这样的潜在意识（看评论区就知道了）——————————————————————这种行 ​展开c,266,194,430
358,//weibo.com/2345081074?refer_flag=1001030103_,,2019年04月26日 21:20,婚恋平台收割长择意愿女，陌生人社交收割短择意愿男，抓住潜在客户痛点了O婚恋狩猎场​,2,3,赞
359,//weibo.com/5083876595?refer_flag=1001030103_,,2019年04月22日 12:50,付费意愿这么强啊，我想去搞婚恋业务了，除了婚恋平台还兼脱单指导！,转发,评论,赞
360,//weibo.com/5625319617?refer_flag=1001030103_,,2019年04月11日 00:41,据《中国人婚恋幸福感报告》的调查显示影响婚姻幸福感的十大因素依次是:1.夫妻二人间的情感2.沟通3.理解的意愿和能力4.相互忠诚5.孩子6.收入7.性生活8.婆媳关系9.对方与自己家人的关系10.住房和家务工作分配。沟通排在了第二位，也就是说，两个人有感情基础并不能拥有幸福的婚姻，最重要的 ​展开c,转发,评论,3
361,//weibo.com/3848303340?refer_flag=1001030103_,,2019年03月28日 12:30,我发现我身边的男生婚恋意愿都比较强女生就佛系得多现在新婚姻法，女性不得不自己出钱买房，促进了男女平权，却实际上提高了结婚的门槛。以前的话还可以有退路，挣钱不多嫁个有房的也OK，现在房子也图不了了，没有足够感情的结婚对女性属于纯赔本买卖。能让人下定决心结婚的大概只有真爱了​,2,1,1
362,//weibo.com/2735378374?refer_flag=1001030103_,,2019年03月26日 01:16,婚恋与否，质量好坏，并非意愿，更并非必然 而是「概率」 ​​​,转发,评论,2
363,//weibo.com/6506959231?refer_flag=1001030103_,,2019年03月08日 13:49,Happy International Women's Day.不是“女神”和“女王”的幻象，也不是被消费主义利用的工具。真心地祝各位国际妇女节快乐。愿终有一天我们身处的社会环境让每一位普通女性无需为自我以外的人强加的各种标签、价值评判、年龄增长、婚恋状态以及所有非真正意愿下的选择而有丝毫焦虑，做出无谓的妥协 ​展开c,4,评论,8
364,//weibo.com/3171037505?refer_flag=1001030103_,,2019年02月24日 23:27,#我家那闺女#真的19年第一恶臭综艺了吧通篇劝婚 把父母的意愿加在女儿头上 是否含笑而终取决于女儿结不结婚什么恶臭理论 好好的女明星综艺不拍漂亮衣服好用的化妆品去玩（赚那么多钱 拍拍逛街买买买也很开心啊）天天被逼着相亲 和一群不熟的朋友讨论婚恋 这是访谈节目么？恶臭至极 剧本 ​展开c,1,2,1
365,//weibo.com/3836377769?refer_flag=1001030103_,,2019年02月11日 18:09,相亲不一定要马上结婚生子，题主96年的，年纪正是鲜花绽放的好年纪；如果在一线城市根本不着急，父母催你相亲，可能你身处二三线或者以下城市。相亲可以帮助你评估出自己在婚恋市场中的实际价值，一般相亲的人都是奔着结婚的意愿和目的去相亲，比一般渠道认识的人靠谱、结婚意愿强，【从相亲对象对你的 ​展开c,转发,1,1
366,//weibo.com/1884488964?refer_flag=1001030103_,,2019年02月03日 10:39,和好朋友讨论了一下计划生育，我们这代的独生女孩真的应该感谢计划生育，因为普通家庭只能生育一个，这让我们女孩子有了受到高等知识教育以及不菲物质投入的生活。往往见识过大世界的女性会努力在学术或者事业上努力打拼，而生存本来僧少肉多的一线，压力往往较大，女性生育意愿和婚恋意愿均较低 ​,转发,23,5
367,//weibo.com/1930394333?refer_flag=1001030103_,,2019年01月29日 09:26,包贝尔算个什么东西？他婚礼上那个事儿我还没忘呢。以及，真丫的恶臭！连我爹那种钢筋直男都在确认我意愿之后完全不过问我婚恋情况了好嘛！//@路易莎正被做成表: 恶心//@刘泪了:恶心//@JaneMere:全方位窒息……//@奇异小麻雀:这是什么女奴养成节目！,45741,1,32568
368,//weibo.com/2373609703?refer_flag=1001030103_,,2019年01月09日 19:25,#日本结婚生子意愿调查#这国家的婚恋观不予评价。2大庆·新村十区餐饮一条街​,转发,评论,1
369,//weibo.com/5222443237?refer_flag=1001030103_,,2018年12月02日 13:25,实质上在鼓励孩子不断通过自我牺牲和自我压抑来换取他人的认同感”“自己早已习惯了顺从父母的意志，对于自己的喜好和意愿感到一片茫然，在事业和婚恋等关键的人生选择上，倾向于背离自己的感受而满足父母的期待，并且最终因此付出高昂的代价。”“因为他的自我价值都是由别人的评判来决定的，在 ​展开c,转发,3,2
